mer_ID,budget,"loc_list
"
128,331,"180
"
3712,100,"34
"
1409,100,"317
"
3201,100,"337
"
8577,100,"178
"
898,100,"348
"
9858,1735,"114
"
387,100,"337
"
2179,100,"272
"
3971,100,"364
"
5763,104,"88
"
7555,100,"377
"
9347,100,"246
"
1668,100,"215:326
"
3460,100,"450
"
2949,100,"407
"
4741,445,"262:216:33
"
6533,100,"239
"
8325,100,"34
"
646,100,"333
"
4230,100,"167
"
6022,100,"230
"
7814,132,"53:322:355
"
135,100,"189
"
5511,514,"63
"
7303,100,"60
"
9095,271,"56
"
1416,100,"13
"
3208,100,"208
"
5000,100,"404
"
8584,2680,"254
"
905,100,"57:60
"
2697,100,"63
"
8073,287,"125
"
9865,100,"23
"
394,100,"410
"
1675,100,"215
"
5259,100,"480
"
8843,100,"57
"
1164,100,"213
"
2956,100,"378
"
6540,947,"172
"
8332,100,"483
"
653,100,"445
"
4237,100,"46
"
142,328,"52:404
"
1934,356,"34
"
3726,100,"125
"
5518,100,"278
"
7310,100,"166
"
9102,100,"407
"
1423,100,"360
"
3215,100,"223
"
6799,100,"68
"
8591,100,"33
"
912,100,"306
"
2704,182,"161
"
401,100,"404
"
2193,100,"33
"
3985,100,"262
"
5777,441,"178
"
1682,100,"268
"
3474,100,"228
"
1171,100,"6
"
6547,100,"404
"
8339,100,"254
"
4244,100,"262
"
6036,100,"461
"
7828,100,"181
"
149,246,"441
"
1941,100,"263
"
3733,100,"149
"
5525,100,"132
"
7317,100,"123
"
1430,100,"6
"
3222,100,"1
"
5014,100,"330
"
6806,100,"50
"
4503,100,"445
"
8087,100,"404
"
9879,100,"104
"
408,100,"125
"
2200,297,"348
"
3992,100,"32
"
7576,100,"254
"
9368,100,"34
"
7065,100,"121
"
8857,100,"369
"
2970,631,"360
"
4762,100,"107
"
8346,100,"34
"
2459,277,"73
"
4251,100,"52
"
6043,100,"83
"
156,100,"6
"
1948,100,"333
"
3740,421,"272
"
9116,100,"6
"
1437,100,"135
"
3229,100,"172
"
5021,100,"349
"
6813,100,"421
"
8605,100,"6
"
2718,100,"490
"
6302,100,"348
"
8094,100,"190
"
415,100,"272
"
3999,100,"297
"
5791,100,"481
"
9375,100,"157
"
3488,100,"162
"
8864,100,"33
"
1185,100,"14
"
2977,100,"483
"
4769,100,"82
"
2466,1003,"190:146:83
"
4258,100,"178
"
163,100,"296
"
1955,100,"456
"
3747,100,"326
"
5539,100,"445
"
9123,782,"172
"
5028,100,"382
"
6820,1398,"480:84
"
8612,100,"73
"
4517,100,"271
"
422,100,"55
"
4006,100,"324
"
5798,100,"57
"
7590,100,"313:121
"
9382,100,"172
"
3495,100,"213
"
7079,714,"75
"
1192,100,"104
"
2984,100,"197
"
4776,100,"55
"
6568,100,"322
"
681,100,"75
"
2473,100,"89
"
4265,100,"360
"
7849,100,"75
"
9641,100,"61
"
170,100,"461
"
5546,100,"378
"
7338,100,"20
"
9130,100,"182
"
3243,100,"362
"
5035,100,"262
"
6827,100,"197
"
8619,100,"461
"
940,100,"11
"
2732,100,"364
"
4524,100,"223
"
6316,100,"104
"
9900,131,"146
"
429,638,"404
"
5805,100,"2
"
7597,100,"33
"
1710,686,"446
"
5294,170,"183:163:88
"
7086,100,"88
"
8878,100,"155
"
2991,100,"88
"
6575,100,"17
"
8367,100,"91
"
688,100,"214
"
2480,100,"338
"
6064,100,"157
"
7856,100,"288
"
177,100,"11
"
1969,100,"149
"
3761,100,"366
"
5553,100,"461
"
9137,100,"82
"
5042,100,"348
"
6834,100,"349
"
947,100,"410
"
2739,100,"212:274:483
"
4531,100,"172
"
8115,100,"123
"
436,100,"346
"
2228,100,"390
"
5812,100,"265
"
7604,100,"378
"
8885,100,"319
"
1206,100,"155
"
2998,100,"105
"
6582,100,"461
"
8374,831,"132
"
695,100,"197
"
9655,100,"410
"
184,100,"82
"
1976,100,"197
"
3768,100,"354
"
5560,100,"349
"
7352,100,"17
"
9144,100,"272
"
3257,100,"380
"
5049,619,"11
"
6841,100,"477
"
954,100,"360
"
2746,100,"49
"
6330,472,"178
"
8122,100,"32
"
443,100,"67
"
4027,100,"216
"
5819,964,"326:13
"
7611,100,"445
"
9403,100,"197
"
1724,100,"32
"
3516,100,"173
"
5308,100,"288
"
7100,292,"455:129:339
"
6589,100,"6
"
8381,100,"201
"
4286,100,"428
"
6078,100,"100
"
191,100,"78
"
3775,10063,"186
"
5567,100,"57
"
7359,100,"114
"
9151,100,"480:446
"
8640,100,"111
"
961,100,"83
"
2753,100,"63
"
6337,100,"147
"
8129,100,"354
"
9921,100,"461
"
450,100,"86
"
4034,100,"162
"
7618,100,"289
"
9410,100,"372
"
1731,100,"20
"
3523,100,"495
"
5315,193,"33:262
"
7107,100,"220
"
1220,100,"337
"
8388,100,"34
"
709,100,"60
"
2501,100,"474
"
6085,100,"215
"
198,725,"330
"
1990,358,"300
"
3782,100,"76
"
7366,100,"481
"
1479,100,"125
"
3271,100,"63
"
5063,100,"6
"
8647,100,"181:250
"
2760,100,"272
"
6344,1041,"164:430:4
"
9928,100,"480
"
457,100,"360
"
2249,100,"162
"
4041,100,"187
"
5833,100,"438
"
1738,199,"360
"
7114,100,"372
"
8906,100,"352
"
4811,100,"214
"
6603,100,"130
"
716,100,"88
"
6092,100,"6
"
7884,100,"296
"
9676,100,"458
"
205,100,"166
"
1997,100,"315
"
9165,416,"132
"
1486,100,"30
"
3278,100,"372
"
6862,100,"114:217
"
2767,100,"119
"
4559,100,"138
"
6351,100,"379
"
9935,100,"270
"
464,384,"461
"
4048,100,"239
"
3537,100,"6
"
7121,100,"393
"
3026,1948,"188:129
"
6610,100,"278
"
8402,100,"448
"
2515,100,"245
"
4307,100,"468
"
7891,100,"67
"
9683,100,"63
"
212,173,"339
"
2004,100,"481
"
3796,100,"172
"
7380,100,"40
"
9172,100,"32
"
3285,100,"461
"
5077,100,"6
"
8661,100,"490
"
982,682,"133
"
2774,100,"172
"
4566,676,"6
"
6358,100,"23
"
8150,100,"192
"
9942,100,"358
"
471,824,"114
"
4055,100,"199
"
5847,100,"162
"
9431,100,"439
"
3544,565,"12:446
"
8920,100,"283
"
1241,100,"30
"
3033,100,"358
"
4825,100,"162
"
6617,375,"470
"
2522,100,"480
"
4314,100,"132
"
219,505,"348:146
"
2011,100,"284
"
7387,100,"91
"
9179,100,"105
"
5084,100,"317
"
6876,100,"368
"
8668,100,"481
"
989,100,"178
"
2781,100,"6
"
4573,100,"489
"
9949,100,"430
"
478,2277,"480
"
2270,100,"155
"
4062,316,"50:82
"
7646,100,"159
"
3551,100,"349
"
7135,100,"34
"
8927,100,"441
"
1248,100,"88
"
3040,100,"272
"
4832,100,"430
"
6624,100,"132
"
4321,100,"172
"
6113,100,"355
"
7905,100,"99
"
9697,100,"372
"
2018,100,"296
"
5602,100,"340
"
9186,100,"302
"
8675,240,"437
"
996,100,"463
"
2788,100,"88
"
4580,100,"8
"
6372,100,"461
"
8164,100,"274
"
485,100,"272
"
4069,100,"300
"
3558,100,"214
"
5350,100,"178
"
7142,100,"167
"
3047,100,"24
"
8423,100,"355
"
744,163,"107
"
9704,100,"360
"
233,100,"216
"
5609,100,"106
"
9193,100,"216
"
1514,994,"188:129
"
6890,100,"345
"
1003,100,"339
"
2795,100,"456
"
6379,100,"421
"
9963,100,"368
"
492,100,"52
"
2284,100,"262
"
4076,100,"84
"
5868,100,"23
"
7660,100,"40
"
1773,100,"337
"
3565,100,"207
"
5357,1960,"188
"
7149,100,"28
"
1262,100,"6
"
4846,100,"216
"
8430,100,"174
"
751,100,"405
"
2543,100,"40
"
4335,100,"11
"
9711,100,"9
"
240,758,"82
"
2032,100,"272
"
3824,2535,"482:287
"
5616,100,"6
"
9200,100,"323
"
1521,100,"146
"
3313,100,"125
"
5105,100,"461
"
6897,100,"280
"
1010,100,"404
"
2802,100,"461
"
6386,100,"410
"
9970,100,"329
"
499,100,"102
"
2291,100,"6
"
5875,100,"376
"
7667,6400,"52:155:437:188:446:129:138:402:441:480
"
1780,622,"441
"
3572,100,"84
"
5364,100,"11
"
8948,100,"272
"
1269,100,"38
"
3061,100,"445
"
4853,100,"490
"
6645,100,"333
"
8437,100,"190:337:346:213:60:78:348:125
"
758,100,"178
"
4342,1685,"188:339
"
7926,100,"132
"
9718,100,"461
"
247,100,"349
"
3831,100,"30
"
5623,100,"159
"
9207,100,"17
"
1528,100,"125
"
3320,100,"327
"
6904,100,"83
"
8696,1319,"76
"
4601,439,"461
"
8185,100,"438
"
9977,100,"416
"
506,100,"335
"
2298,100,"287
"
4090,2706,"130
"
5882,100,"438
"
3579,100,"228
"
8955,100,"172
"
3068,166,"326
"
6652,100,"382
"
2557,100,"178
"
4349,100,"60
"
7933,100,"326
"
9725,100,"287
"
254,100,"262
"
2046,100,"55
"
3838,100,"457
"
7422,100,"188
"
1535,100,"474
"
3327,100,"214
"
6911,100,"254
"
1024,100,"456
"
2816,100,"162
"
6400,100,"6
"
9984,100,"6
"
513,556,"480
"
5889,398,"157
"
2,734,"441
"
1794,100,"480
"
5378,100,"44
"
7170,100,"410:177
"
8962,174,"352
"
1283,100,"33
"
8451,100,"6
"
772,100,"378
"
2564,100,"378
"
4356,537,"272
"
7940,100,"91
"
9732,100,"359
"
261,100,"262
"
2053,100,"138
"
3845,100,"95
"
9221,100,"178
"
1542,100,"335
"
3334,100,"221
"
5126,100,"124
"
6918,100,"372
"
8199,100,"353
"
520,100,"360
"
2312,100,"349
"
7688,100,"378
"
9480,100,"4
"
1801,363,"190
"
3593,100,"348
"
5385,100,"107
"
8969,100,"56
"
6666,598,"32
"
8458,100,"462
"
6155,100,"414
"
7947,100,"169
"
268,100,"92
"
2060,100,"132
"
5644,649,"75
"
7436,100,"378
"
9228,100,"481
"
5133,100,"416
"
1038,100,"416
"
4622,100,"339
"
6414,669,"63
"
8206,100,"307
"
527,100,"125
"
4111,100,"349
"
7695,100,"245
"
9487,100,"178
"
16,100,"340
"
1808,100,"213
"
3600,798,"115
"
5392,291,"308
"
7184,6369,"164:440:245:341:378:277:52:349:355
"
1297,100,"68
"
786,100,"6
"
6162,100,"34
"
7954,100,"340
"
9746,115,"186
"
275,100,"62
"
2067,100,"461
"
5651,129,"216
"
9235,100,"388
"
1556,316,"2
"
5140,100,"410
"
1045,100,"34
"
4629,1611,"192
"
6421,100,"8
"
8213,100,"429
"
534,100,"249
"
2326,147,"280:115
"
4118,100,"23
"
1815,100,"34
"
3607,100,"69
"
5399,305,"253
"
8983,100,"348
"
3096,100,"360
"
8472,2067,"129:84
"
793,100,"307
"
6169,100,"404
"
282,727,"155
"
2074,100,"421
"
3866,100,"30
"
7450,100,"88
"
9242,100,"6
"
3355,100,"57
"
5147,100,"162
"
8731,100,"91
"
1052,100,"58
"
8220,100,"127
"
541,100,"349
"
2333,100,"438
"
5917,548,"348:49:91:125
"
7709,100,"44
"
30,198,"78
"
1822,100,"162
"
3614,100,"215
"
5406,100,"52
"
4895,296,"6
"
8479,2744,"146:410:182:254:130:37:249:60:324:330:348:360
"
800,100,"446
"
4384,100,"162
"
6176,100,"273
"
9760,100,"159
"
289,397,"340
"
2081,100,"471
"
3873,100,"6
"
7457,950,"84
"
1570,100,"138
"
5154,100,"429
"
1059,100,"138
"
6435,100,"213
"
8227,100,"88
"
548,100,"129
"
2340,153,"188:362
"
7716,100,"227
"
9508,433,"249
"
37,100,"138
"
1829,100,"85
"
3621,100,"209:44
"
8997,100,"21
"
1318,100,"197
"
4902,257,"388
"
8486,100,"471
"
807,100,"324
"
2599,100,"99
"
4391,470,"125
"
6183,100,"262
"
9767,100,"28
"
3880,100,"88
"
7464,100,"67
"
1577,100,"360
"
3369,100,"96
"
5161,100,"28
"
1066,100,"121
"
4650,100,"115
"
555,100,"348
"
2347,100,"95
"
4139,100,"17
"
44,100,"348
"
1836,100,"382
"
7212,100,"89
"
1325,100,"324
"
6701,100,"155
"
8493,100,"107
"
814,100,"400
"
2606,8968,"128:143:410:449:197:476:2:272:278:287:305:62:74:332:83:101:368:113:119:125:383:132:144:147:150:441:204:222:483:249:6:264:15:51:57:60:333:78:81:90:102:114:381:130:136:142:160:172:190:193:451:202:217:268:25:49:55:313:58:67:91:355:121
"
4398,100,"44
"
6190,100,"184
"
7982,100,"322
"
9774,609,"262:76
"
303,100,"368
"
2095,100,"294
"
5679,100,"453
"
1584,100,"356
"
3376,100,"338
"
5168,100,"372
"
6960,100,"372
"
1073,100,"360
"
8241,799,"346
"
562,154,"129
"
2354,100,"47
"
7730,100,"88
"
9522,100,"138
"
51,100,"63
"
5427,495,"461
"
9011,100,"340
"
1332,100,"59
"
3124,100,"40:404
"
8500,812,"91
"
821,100,"277
"
2613,100,"360
"
4405,100,"377
"
310,100,"402
"
2102,100,"351
"
3894,100,"189
"
7478,100,"88
"
9270,100,"88
"
1591,100,"438
"
6967,100,"97
"
1080,100,"348
"
2872,225,"480
"
6456,100,"267
"
8248,160,"346
"
569,5034,"129:480:339:84:188:455:44
"
2361,100,"333
"
7737,100,"454
"
9529,100,"58
"
58,1555,"360
"
3642,100,"83
"
5434,100,"115
"
7226,100,"69
"
1339,100,"227
"
3131,648,"437:446:455:44:129:84
"
6715,100,"369
"
8507,100,"454
"
828,100,"214
"
6204,100,"6
"
9788,100,"162
"
317,100,"8
"
3901,100,"91
"
9277,100,"348
"
1598,100,"420
"
3390,1956,"254:6:348
"
1087,100,"262
"
6463,100,"33
"
8255,100,"238
"
576,445,"474
"
2368,100,"348
"
9536,100,"262
"
65,100,"146
"
7233,100,"49
"
4930,100,"172
"
835,100,"194
"
2627,100,"345
"
324,100,"272
"
2116,100,"108
"
3908,100,"284
"
5700,100,"152:468
"
9284,100,"151
"
1605,100,"138
"
3397,100,"40
"
1094,100,"159
"
2886,2020,"186:253
"
583,100,"253
"
4167,100,"220
"
5959,100,"455
"
7751,100,"345
"
9543,100,"88
"
72,100,"402
"
1864,100,"438
"
3656,100,"52
"
5448,100,"340
"
7240,100,"360
"
1353,100,"490
"
4937,100,"272
"
6729,100,"120
"
842,100,"355
"
2634,100,"429
"
6218,100,"83
"
9802,100,"60
"
331,100,"33
"
3915,100,"162
"
5707,100,"265
"
7499,100,"6
"
1612,100,"279
"
5196,487,"239
"
1101,100,"397
"
6477,100,"159
"
590,100,"372
"
2382,100,"327
"
4174,100,"360
"
5966,100,"474
"
79,211,"84
"
1871,100,"162
"
5455,100,"104
"
1360,100,"228
"
3152,100,"307
"
4944,100,"138
"
8528,100,"124
"
849,294,"88
"
2641,11254,"40:52:402:441:114:245:95:383
"
4433,100,"348
"
9809,100,"104
"
338,1496,"146:197:60:348:91
"
2130,100,"152
"
5714,207,"138
"
7506,257,"490
"
9298,100,"167
"
1619,100,"445
"
3411,100,"178
"
6995,100,"130
"
8787,1054,"441
"
1108,100,"34
"
2900,100,"369
"
4692,100,"366
"
6484,100,"336:265
"
597,578,"49
"
2389,100,"78
"
5973,100,"165
"
7765,100,"57
"
9557,100,"17
"
86,100,"91
"
1878,100,"404
"
1367,100,"157
"
4951,100,"56
"
6743,813,"360
"
8535,100,"216
"
856,100,"17
"
2648,100,"82
"
6232,100,"91
"
8024,100,"195
"
9816,100,"6
"
345,275,"178
"
2137,100,"360:369
"
5721,100,"327
"
7513,100,"178
"
9305,100,"445
"
3418,477,"82
"
5210,100,"82
"
8794,100,"358
"
2907,100,"360
"
8283,100,"48
"
604,100,"461
"
2396,100,"97
"
4188,100,"330
"
5980,100,"275
"
9564,100,"52
"
93,251,"404
"
3677,100,"32
"
5469,526,"84
"
7261,100,"254
"
3166,100,"378
"
4958,100,"137
"
2655,100,"227
"
9823,100,"159
"
352,100,"75
"
5728,100,"85
"
1633,100,"197
"
5217,100,"345
"
7009,100,"384
"
2914,450,"32
"
4706,100,"123
"
8290,100,"33
"
611,686,"115
"
4195,100,"162
"
7779,100,"33
"
9571,100,"6
"
100,100,"43
"
1892,100,"277
"
5476,100,"241
"
9060,100,"366
"
1381,100,"40
"
3173,153,"272
"
6757,100,"76
"
8549,100,"40
"
870,100,"410
"
2662,100,"34
"
4454,100,"369
"
6246,100,"60
"
8038,100,"301
"
9830,100,"52
"
359,640,"88
"
2151,100,"423
"
5735,100,"337
"
7527,100,"360
"
1640,100,"216
"
5224,100,"435
"
8808,100,"490
"
1129,100,"155
"
2921,100,"481
"
4713,100,"480
"
6505,100,"189
"
618,298,"132
"
4202,100,"204
"
5994,100,"369
"
7786,100,"410
"
1899,100,"295
"
3691,100,"49
"
9067,432,"216
"
3180,100,"88
"
4972,654,"138
"
8556,100,"272
"
877,100,"338
"
2669,100,"14
"
9837,100,"481
"
366,100,"162
"
2158,100,"383
"
3950,100,"167
"
5742,100,"224
"
7534,100,"89
"
9326,100,"346
"
1647,100,"360
"
5231,7721,"146:188:197:461:254:17:308:326:77:371:183:189:246:6:27:42:57:60:63:69:348:163:172:199:490:265:19:337:88:91:112
"
8815,100,"322
"
1136,775,"44
"
4720,100,"348
"
8304,100,"273
"
625,1832,"130:337:254
"
4209,100,"457
"
7793,100,"15
"
114,100,"324
"
1906,100,"324
"
3698,100,"105
"
5490,100,"360
"
7282,100,"272
"
9074,100,"378
"
3187,100,"32
"
8563,100,"333
"
2676,100,"114
"
8052,100,"158
"
9844,463,"360:272
"
373,100,"322
"
5749,100,"459
"
1654,100,"60
"
5238,100,"360
"
8822,100,"327
"
1143,100,"93
"
2935,100,"272
"
4727,100,"60
"
6519,100,"34
"
632,100,"6
"
2424,100,"79
"
4216,100,"59
"
6008,100,"325
"
9592,100,"138
"
121,100,"355
"
1913,100,"214
"
5497,100,"337
"
7289,100,"372
"
1402,100,"66
"
3194,100,"76
"
4986,100,"342
"
8570,100,"56
"
891,100,"82
"
6267,100,"115
"
9851,100,"30
"
380,1028,"480
"
2172,100,"360
"
7548,100,"345
"
1661,100,"102:410
"
3453,100,"296
"
8829,100,"327
"
1150,100,"358
"
2942,100,"448
"
4734,100,"88
"
6526,100,"359
"
8318,100,"298
"
639,252,"404
"
2431,100,"172
"
4223,100,"115
"
640,100,"172
"
6016,100,"448
"
7808,100,"356
"
129,100,"102
"
1921,100,"159
"
3713,100,"172
"
9089,100,"378
"
1410,1129,"152:253
"
4994,100,"32
"
6786,558,"340
"
899,499,"140
"
4483,417,"461:112
"
9859,100,"132
"
388,100,"126
"
2180,100,"262
"
9348,100,"272
"
1669,100,"360
"
3461,100,"308
"
5253,100,"138
"
8837,5297,"480:410:188:308
"
1158,100,"155
"
2950,100,"448
"
4742,100,"123
"
6534,3708,"20:82
"
8326,100,"171
"
4231,100,"88
"
7815,1068,"155:44
"
136,1582,"360:272
"
5512,100,"438
"
1417,100,"152
"
5001,100,"372
"
8585,100,"44
"
4490,100,"263
"
9866,100,"52
"
395,100,"86
"
3979,2342,"355
"
5771,100,"230
"
9355,100,"162
"
1676,100,"152
"
7052,100,"214
"
8844,100,"296
"
2957,100,"214
"
4749,100,"378
"
6541,100,"80
"
8333,100,"352:30
"
654,100,"330
"
2446,100,"6
"
4238,476,"340
"
7822,100,"253
"
143,100,"457
"
3727,100,"423
"
9103,100,"216
"
1424,100,"402
"
3216,100,"216
"
6800,100,"31
"
8592,100,"6
"
913,100,"88
"
2705,100,"191
"
4497,100,"82
"
6289,100,"190
"
8081,100,"86
"
9873,100,"32
"
402,312,"52
"
3986,100,"426
"
5778,100,"318
"
7570,100,"345
"
9362,384,"214
"
1683,100,"32
"
3475,100,"416
"
8851,100,"82
"
2964,100,"34
"
4756,3049,"17
"
8340,100,"2
"
661,100,"272
"
2453,100,"349
"
4245,100,"245
"
6037,100,"471
"
7829,100,"385
"
9621,100,"300
"
150,100,"76
"
1942,100,"17
"
5526,100,"125
"
9110,100,"393
"
4504,100,"455
"
9880,100,"34
"
409,100,"272
"
2201,100,"211
"
3993,100,"172
"
5785,100,"56
"
7577,1482,"192
"
1690,100,"405
"
3482,100,"88
"
7066,100,"162
"
8858,444,"6
"
1179,100,"15
"
2971,316,"178
"
6555,166,"34
"
8347,100,"322
"
2460,100,"88
"
4252,100,"99
"
6044,3087,"186:468:366:152:161:448:253
"
7836,100,"378
"
9628,100,"172
"
3741,100,"6
"
5533,100,"372
"
3230,100,"272
"
5022,100,"45
"
8606,100,"44
"
927,100,"449
"
4511,454,"378
"
6303,100,"217
"
8095,100,"337
"
416,100,"341
"
2208,100,"83
"
4000,100,"114
"
5792,100,"178
"
7584,100,"34
"
9376,293,"106
"
7073,100,"246
"
8865,100,"155
"
1186,100,"63
"
4770,100,"267
"
2467,659,"442
"
9635,100,"389
"
164,100,"52
"
3748,1256,"163:308
"
5540,100,"372
"
3237,100,"55
"
5029,100,"83
"
6821,100,"76
"
934,100,"162
"
2726,478,"31
"
6310,100,"80
"
8102,100,"257
"
9894,100,"318
"
423,100,"132
"
2215,100,"44
"
4007,141,"132
"
5799,100,"372
"
7591,100,"457
"
9383,100,"124
"
3496,100,"313
"
7080,100,"197
"
8872,458,"378
"
2985,100,"322
"
4777,100,"410
"
8361,100,"172
"
4266,100,"263
"
9642,100,"123
"
171,5439,"6
"
1963,100,"162
"
7339,312,"410
"
9131,100,"124
"
1452,100,"347
"
3244,100,"224
"
6828,100,"130
"
941,100,"340
"
2733,100,"32
"
9901,100,"333
"
430,100,"209
"
4014,100,"82
"
7598,100,"40
"
1711,100,"250
"
5295,100,"327
"
8879,2014,"333:93:82
"
4784,100,"313
"
6576,100,"151
"
689,100,"216
"
2481,100,"428
"
4273,100,"318
"
6065,100,"80
"
7857,100,"121
"
9649,100,"216
"
178,5278,"84:163:188:17:308
"
1970,100,"178
"
3762,100,"63
"
5554,100,"333
"
9138,100,"490
"
1459,100,"383
"
3251,100,"203
"
948,100,"368
"
6324,452,"410
"
8116,100,"339
"
437,100,"172
"
2229,100,"407
"
4021,100,"454
"
5813,100,"93
"
9397,100,"355
"
3510,100,"25
"
2999,100,"60
"
4791,100,"213
"
6583,100,"75
"
8375,100,"278
"
696,100,"272
"
2488,100,"178
"
4280,420,"335
"
6072,100,"82
"
7864,100,"60
"
185,100,"63
"
3769,100,"245
"
5561,100,"378
"
9145,100,"437
"
1466,100,"272
"
3258,100,"216
"
5050,1446,"60
"
8634,799,"272
"
955,516,"211
"
2747,100,"159
"
4539,100,"49
"
6331,100,"410
"
444,100,"402
"
2236,100,"367
"
4028,100,"330
"
5820,100,"167
"
9404,100,"343
"
1725,100,"461
"
7101,100,"83
"
1214,100,"220
"
3006,100,"162
"
4798,100,"34
"
6590,100,"322
"
8382,100,"61
"
6079,100,"327
"
9663,100,"272
"
192,248,"322
"
3776,100,"56
"
1473,100,"330
"
3265,100,"378
"
5057,100,"89
"
962,100,"254
"
4546,100,"136
"
6338,335,"360
"
9922,100,"114
"
451,100,"214
"
4035,100,"10
"
5827,117,"423
"
7619,100,"337
"
9411,100,"88
"
1732,100,"410
"
3524,100,"88
"
3013,100,"346
"
4805,433,"106
"
8389,100,"429
"
2502,100,"277
"
6086,100,"349
"
7878,100,"421
"
199,100,"404
"
5575,100,"360
"
7367,100,"44
"
5064,100,"98
"
6856,100,"44
"
8648,148,"245
"
969,100,"61
"
2761,100,"360
"
6345,2273,"346:91:146:83:57:60:330:78:348
"
8137,100,"341
"
9929,360,"308
"
458,100,"33
"
7626,100,"272
"
9418,100,"216
"
1739,100,"448
"
3531,100,"214
"
5323,100,"457
"
8907,100,"381
"
6604,100,"262
"
8396,100,"132
"
717,100,"360
"
2509,100,"172
"
6093,100,"435
"
7885,100,"372
"
9677,100,"245
"
206,100,"372
"
1998,100,"140
"
3790,100,"91
"
5582,100,"474
"
7374,100,"482
"
1487,100,"162
"
3279,100,"108
"
6863,364,"467:305:172:382
"
976,100,"216
"
2768,100,"167
"
4560,100,"263
"
6352,100,"63
"
8144,307,"262
"
9936,100,"220
"
465,100,"340
"
2257,100,"457
"
4049,100,"11:32:468
"
5841,2215,"82:20:333
"
7633,100,"192
"
9425,100,"34
"
1746,100,"358
"
3538,100,"84
"
8914,100,"120
"
1235,100,"369
"
6611,100,"308
"
8403,100,"34
"
724,100,"73
"
4308,100,"358
"
7892,100,"52
"
9684,100,"345
"
213,338,"11
"
2005,1503,"88
"
3797,670,"210:99
"
5589,100,"214
"
7381,100,"456
"
1494,100,"85
"
6870,100,"333
"
8662,100,"40
"
2775,100,"474
"
4567,3279,"91:60
"
6359,100,"228
"
472,100,"457
"
4056,1116,"346
"
5848,100,"215
"
7640,100,"379
"
9432,714,"9
"
7129,100,"488
"
8921,100,"125
"
1242,750,"340
"
3034,100,"185
"
6618,100,"498
"
8410,100,"32
"
731,100,"82
"
2523,100,"471
"
7899,100,"55
"
220,903,"144:159:426:204:496:61:349:137:278:296:53
"
2012,100,"457
"
3804,520,"6
"
5596,100,"35
"
9180,488,"480
"
1501,683,"360
"
3293,100,"157
"
990,100,"444
"
8158,100,"318
"
479,100,"213
"
2271,100,"162
"
5855,100,"137
"
7647,100,"120
"
3552,100,"483
"
5344,100,"199
"
8928,100,"337
"
1249,100,"453
"
3041,100,"214
"
4833,100,"346
"
738,100,"56:340
"
2530,100,"215
"
6114,100,"172
"
7906,100,"32
"
227,208,"177
"
2019,100,"293
"
5603,100,"94
"
9187,100,"441
"
1508,100,"107
"
5092,100,"6
"
997,100,"192
"
2789,949,"355
"
4581,100,"60
"
6373,100,"330
"
486,100,"239
"
2278,100,"207
"
4070,100,"364
"
5862,6911,"146:197:83:125:190:196:205:256:34:49:91:435:246:6:21:57:60:330:78:345:348:372
"
1767,100,"6
"
5351,100,"82
"
8935,100,"99
"
3048,100,"214
"
6632,100,"187
"
745,100,"230
"
4329,100,"136
"
6121,100,"6
"
234,220,"272
"
2026,100,"402
"
3818,1210,"308:163
"
5610,100,"317:372
"
9194,100,"329
"
8683,100,"461
"
1004,1669,"410
"
2796,100,"6
"
4588,100,"34
"
9964,100,"15
"
493,2719,"197:83:125:190:346:91
"
2285,100,"360
"
4077,100,"6
"
7661,100,"355
"
9453,100,"398
"
3566,100,"401
"
7150,100,"448
"
6639,100,"272
"
752,100,"20
"
2544,100,"86
"
4336,100,"83
"
9712,1091,"368
"
241,1316,"360
"
3825,100,"356
"
5617,100,"343
"
7409,100,"277
"
9201,307,"254:17
"
1522,100,"63
"
6898,100,"272
"
2803,2100,"178
"
500,100,"2
"
9460,100,"28
"
1781,100,"83
"
7157,327,"360
"
8949,100,"230
"
1270,100,"52
"
4854,100,"263
"
8438,100,"437
"
759,100,"387
"
4343,100,"349
"
6135,100,"240
"
9719,100,"235
"
248,426,"178
"
2040,474,"169:49
"
3832,100,"114
"
5113,100,"378
"
6905,476,"84
"
8697,100,"277
"
4602,100,"6
"
6394,100,"372
"
9978,100,"159
"
507,286,"32
"
5883,100,"430
"
7675,100,"343
"
1788,3547,"410
"
3580,1856,"79:345:372
"
5372,100,"167
"
7164,100,"490
"
8956,100,"32
"
3069,100,"193
"
4861,724,"407
"
8445,100,"261
"
766,100,"213
"
2558,100,"178
"
6142,100,"6
"
7934,100,"461
"
9726,100,"186
"
2047,100,"249
"
7423,100,"262
"
9215,100,"340
"
1536,1389,"84
"
3328,100,"198
"
5120,100,"172
"
6912,100,"423
"
8704,100,"6
"
1025,100,"263
"
4609,100,"6
"
6401,2487,"159:249:84:182:362
"
9985,100,"162
"
514,100,"461
"
2306,100,"346
"
5890,100,"256
"
7682,5969,"133:34:76:402:159:186:480:249:48:60:69:330:84:348:360:114:372:126:404:155:188:14:272:284:44:56
"
9474,100,"165
"
3,100,"132
"
5379,100,"296
"
7171,2092,"441
"
1284,100,"125
"
3076,100,"366
"
6660,100,"157
"
8452,153,"32
"
7941,100,"437
"
262,100,"164
"
2054,100,"456
"
5638,100,"360
"
9222,100,"245
"
3335,100,"340
"
5127,100,"378
"
6919,100,"453
"
8711,100,"192
"
1032,100,"52
"
4616,100,"467
"
6408,100,"237
"
8200,141,"372
"
521,803,"308:72
"
2313,100,"422
"
5897,100,"98
"
7689,718,"188
"
10,100,"446
"
3594,100,"178
"
7178,100,"6
"
1291,100,"162
"
3083,100,"94
"
6667,100,"190
"
780,100,"330
"
4364,100,"104
"
7948,100,"388
"
269,100,"56
"
3853,100,"17
"
7437,100,"413:122
"
9229,100,"481
"
1550,100,"17
"
5134,100,"60
"
6926,100,"424
"
8718,100,"217
"
1039,100,"438
"
2831,932,"62:119:123
"
4623,100,"407
"
6415,100,"415
"
8207,100,"151
"
9999,100,"333
"
528,100,"358
"
7696,100,"178
"
17,810,"102
"
3090,3014,"410:155:388:349:129:84
"
787,100,"6
"
2579,100,"308
"
276,100,"350
"
2068,100,"460
"
3860,100,"88
"
5652,100,"155
"
9236,12161,"6:348:146:197:205:91
"
3349,100,"448
"
5141,100,"68
"
6933,336,"322:355
"
2838,195,"155
"
4630,100,"404
"
535,100,"157
"
4119,100,"172
"
5911,100,"360
"
24,100,"216
"
1816,100,"171
"
1305,100,"322
"
4889,100,"93
"
794,100,"344
"
2586,100,"324
"
4378,100,"172
"
6170,100,"287
"
7962,100,"378
"
9754,100,"327
"
283,100,"272
"
2075,905,"84
"
5659,100,"410
"
9243,1011,"303:48:437:446:44
"
5148,100,"348
"
6940,100,"98
"
8732,100,"349
"
1053,146,"272
"
2845,100,"216
"
542,1771,"482:130:448:25
"
4126,100,"372
"
5918,100,"20
"
7710,100,"104
"
31,102,"114
"
1823,100,"441
"
3615,100,"207
"
7199,100,"6
"
3104,100,"66
"
4896,100,"263
"
6688,1398,"326:490
"
801,100,"333
"
2593,100,"256
"
9761,100,"169
"
290,100,"8
"
9250,603,"25
"
8739,100,"63
"
1060,100,"339
"
8228,100,"378
"
549,100,"83
"
5925,100,"208
"
9509,100,"159
"
38,100,"272
"
7206,100,"368
"
1319,100,"204
"
4903,100,"125
"
8487,100,"340
"
808,100,"159
"
2600,100,"338
"
4392,100,"217
"
6184,100,"325
"
7976,100,"309
"
9768,380,"287
"
297,324,"51
"
2089,506,"348
"
3881,100,"360
"
5673,100,"76
"
1578,100,"363
"
3370,100,"6
"
5162,456,"341
"
6954,100,"461
"
8746,100,"251
"
1067,879,"461
"
4651,447,"303:48:339:446:209
"
6443,100,"172
"
556,100,"364
"
5932,100,"448
"
9516,100,"76
"
45,794,"75
"
7213,100,"250
"
9005,100,"106:84
"
1326,100,"263
"
6702,100,"172
"
8494,100,"88
"
4399,100,"335
"
9775,100,"165
"
304,100,"152
"
5680,100,"495
"
9264,100,"165
"
3377,100,"33
"
5169,100,"404
"
8753,100,"220
"
2866,100,"6
"
6450,100,"396
"
8242,100,"52
"
563,450,"209
"
2355,100,"82
"
4147,100,"132
"
5939,100,"91
"
7731,100,"438
"
52,100,"32
"
3636,100,"490
"
5428,383,"33
"
9012,100,"434
"
1333,100,"162
"
4917,100,"441
"
6709,100,"172
"
8501,100,"456
"
6198,100,"457
"
9782,389,"461
"
311,100,"189
"
2103,100,"441
"
5687,100,"165
"
7479,100,"195
"
1592,1089,"454
"
3384,654,"20:50:31:82
"
6968,100,"99
"
8760,5573,"85:188:480:294:84
"
2873,100,"155
"
6457,100,"348
"
8249,100,"322
"
570,100,"6
"
2362,691,"349
"
4154,100,"437
"
9530,100,"262
"
59,100,"17
"
1851,100,"133
"
7227,100,"73
"
4924,100,"277
"
6716,100,"268
"
829,703,"49
"
4413,100,"115
"
6205,100,"355
"
7997,100,"119
"
318,100,"60
"
2110,100,"60
"
5694,100,"56
"
9278,100,"490
"
6975,100,"25
"
2880,100,"222
"
4672,1745,"69
"
8256,2150,"262
"
577,139,"195
"
2369,349,"441
"
4161,100,"159
"
7745,100,"348
"
66,100,"32
"
3650,100,"32
"
5442,100,"123
"
7234,100,"30
"
9026,100,"55
"
1347,100,"360
"
4931,100,"373
"
6723,100,"216
"
836,100,"313
"
4420,888,"278
"
6212,100,"60
"
325,100,"53
"
7493,100,"346
"
9285,100,"115
"
1606,100,"230
"
3398,100,"222
"
5190,100,"78
"
2887,100,"422
"
4679,100,"272
"
8263,100,"125
"
584,100,"119
"
5960,100,"277
"
73,239,"249
"
1865,100,"154:85
"
3657,1568,"130:346:6
"
7241,100,"348
"
9033,100,"33
"
3146,1485,"162:364
"
4938,100,"6
"
6730,100,"345
"
8522,100,"60
"
843,100,"360
"
9803,100,"16
"
332,1608,"65
"
2124,100,"424
"
3916,100,"84
"
7500,100,"490
"
1613,100,"313
"
3405,100,"410
"
5197,100,"480
"
1102,100,"378
"
2894,100,"112
"
4686,100,"330
"
8270,100,"262
"
591,364,"294
"
2383,100,"278
"
4175,100,"245
"
80,100,"186
"
3664,100,"6
"
5456,100,"21
"
7248,100,"437
"
3153,100,"268
"
4945,100,"435
"
6737,100,"315
"
850,100,"125
"
2642,1527,"441
"
339,163,"6
"
2131,100,"345
"
5715,100,"366
"
7507,593,"441
"
9299,100,"490
"
1620,100,"194
"
3412,100,"337
"
5204,100,"30
"
8788,771,"88
"
2901,100,"235
"
4693,100,"490
"
6485,100,"215
"
598,100,"272
"
5974,444,"441:216
"
7766,408,"100
"
9558,512,"58:113
"
87,100,"360
"
1879,100,"355
"
3671,100,"490
"
9047,100,"454
"
1368,100,"214
"
3160,100,"178
"
4952,100,"33
"
8536,100,"128
"
857,502,"254
"
2649,100,"216
"
4441,100,"18
"
9817,100,"448
"
346,1409,"262
"
2138,100,"119
"
3930,100,"348
"
5722,100,"146
"
7514,100,"97
"
9306,100,"234
"
1627,100,"221
"
3419,157,"32
"
8795,100,"250
"
1116,100,"355
"
6492,100,"354
"
605,540,"61
"
4189,100,"172
"
7773,100,"380
"
9565,1141,"112
"
94,279,"162
"
3678,296,"162
"
5470,100,"99
"
7262,100,"490
"
6751,100,"6
"
8543,100,"164
"
864,100,"372
"
2656,100,"358
"
4448,100,"258
"
6240,100,"110
"
8032,100,"360
"
9824,100,"399
"
353,152,"52
"
2145,100,"163
"
5729,100,"185
"
9313,100,"483
"
3426,100,"262
"
8802,100,"490
"
1123,100,"145
"
2915,869,"195:114:378:158:385:217
"
4707,100,"87
"
9572,100,"190
"
101,100,"78
"
5477,100,"60
"
7269,100,"429
"
9061,100,"214
"
4966,100,"253
"
6758,100,"300
"
2663,100,"17
"
360,100,"422
"
5736,100,"82
"
7528,100,"178
"
3433,100,"32
"
8809,1388,"169:348:146
"
1130,100,"10:21
"
4714,100,"457
"
8298,100,"154
"
619,100,"256
"
2411,100,"234
"
4203,100,"44
"
9579,100,"6
"
108,100,"162
"
5484,100,"358
"
7276,100,"405
"
9068,1762,"192
"
1389,1090,"85
"
8557,100,"421
"
2670,100,"390
"
6254,100,"133
"
8046,100,"6
"
367,505,"216
"
2159,100,"445
"
3951,100,"354
"
5743,100,"213
"
7535,100,"114
"
9327,100,"327
"
1648,100,"313
"
3440,100,"272
"
5232,100,"6
"
1137,100,"293
"
2929,1340,"438:360:369:272
"
6513,100,"253
"
626,100,"8:368
"
9586,100,"88
"
115,1250,"84:437
"
1907,100,"175
"
3699,100,"375
"
9075,436,"182
"
1396,100,"213
"
3188,100,"410
"
6772,452,"294
"
8564,100,"442
"
9845,100,"47
"
3958,100,"340
"
5750,100,"125
"
7542,100,"340
"
9334,100,"393
"
1655,100,"330
"
3447,100,"358
"
5239,100,"11
"
8823,408,"337
"
1144,100,"402
"
4728,100,"56
"
8312,100,"216
"
633,100,"364
"
2425,890,"61
"
7801,758,"163:250
"
122,100,"172
"
1914,252,"162
"
5498,100,"55
"
7290,146,"272
"
3195,100,"88
"
6779,100,"396
"
8571,100,"190
"
892,100,"6
"
2684,468,"183
"
4476,100,"272
"
8060,100,"333
"
9852,620,"262
"
381,100,"75
"
7549,100,"334
"
9341,100,"445
"
5246,100,"60
"
8830,100,"333
"
2943,100,"337
"
4735,100,"430
"
6527,100,"448
"
1408,364,"63
"
3200,100,"243
"
4992,100,"8
"
6784,100,"482
"
8576,100,"316
"
897,100,"261
"
4481,1550,"244
"
9857,100,"402
"
386,100,"446
"
2178,100,"32
"
5762,102,"30
"
7554,100,"178
"
1667,100,"11
"
3459,100,"479
"
5251,100,"88
"
2948,100,"162
"
2437,100,"125
"
4229,100,"490
"
9605,100,"55
"
134,454,"441
"
5510,100,"91
"
7302,100,"254
"
3207,100,"474
"
4999,809,"253
"
904,100,"360
"
6280,100,"94
"
8072,100,"112
"
9864,100,"101
"
393,100,"188
"
5769,100,"215
"
5258,391,"348
"
7050,100,"6
"
8842,100,"6
"
1163,100,"194
"
2955,100,"358
"
6539,100,"454
"
8331,100,"337
"
9612,100,"181
"
141,100,"360
"
3725,100,"28
"
1422,100,"86
"
3214,100,"39
"
8590,6309,"410:132:249
"
911,100,"349
"
2703,100,"75
"
4495,100,"121
"
6287,100,"358
"
8079,100,"461
"
9871,100,"349
"
400,100,"40
"
7568,100,"360
"
1681,100,"178
"
3473,100,"313
"
8849,100,"437
"
1170,100,"21
"
659,100,"220
"
2451,100,"318
"
4243,100,"17
"
6035,100,"399
"
7827,100,"355
"
148,100,"216
"
3732,100,"185
"
7316,100,"296
"
3221,637,"335
"
5013,100,"224
"
6805,100,"468
"
8597,100,"468
"
918,100,"265
"
9878,100,"158
"
407,1151,"88
"
3991,100,"230
"
5783,100,"61
"
7575,100,"372
"
8856,100,"64
"
2969,100,"57
"
4761,100,"445
"
6553,100,"190
"
4250,100,"296
"
6042,100,"441
"
7834,415,"6
"
155,100,"186:152
"
1947,100,"110
"
3739,100,"441
"
1436,215,"341
"
5020,100,"393
"
8604,100,"230
"
925,100,"60
"
4509,100,"461
"
6301,100,"32
"
9885,100,"300
"
414,100,"214
"
2206,100,"125
"
3998,100,"469
"
1695,100,"40
"
3487,100,"83
"
5279,100,"272
"
7071,897,"177
"
2976,100,"159
"
4768,100,"315
"
673,100,"471
"
2465,100,"349
"
4257,100,"161
"
7841,100,"88
"
9633,100,"62
"
162,505,"13
"
3746,100,"6
"
9122,100,"366
"
3235,100,"250
"
8611,100,"330
"
4516,100,"382
"
6308,100,"91
"
8100,100,"438
"
9892,100,"183
"
421,100,"6
"
5797,100,"34
"
9381,100,"488
"
5286,100,"250
"
8870,100,"172
"
2983,100,"202
"
4775,191,"372
"
680,100,"322
"
2472,100,"287
"
4264,6356,"129:429:246:6:57:60:63:69:78:348:360:120:130:172:190:25:34:49:337:346:358:134:188:197:254:272:17:305:65:332:371:125
"
9640,100,"146
"
169,100,"162
"
1961,100,"296
"
9129,100,"463:289
"
1450,100,"88
"
3242,610,"84
"
5034,1243,"31:82:127:20:50:93
"
6826,100,"68
"
939,100,"25
"
4523,100,"389
"
6315,7354,"208:490:265:112:215:230:350:63
"
8107,100,"31
"
9899,100,"216
"
428,100,"102
"
2220,100,"224
"
4012,593,"262
"
9388,100,"330
"
1709,100,"91
"
5293,100,"294
"
6574,100,"373
"
687,100,"327
"
6063,161,"495
"
7855,100,"428
"
176,100,"216
"
3760,1681,"216
"
5552,777,"461
"
7344,100,"354
"
9136,100,"168
"
3249,1503,"217:195
"
5041,100,"130
"
6833,1017,"245
"
946,100,"73
"
2738,100,"94
"
4530,100,"348
"
435,168,"6
"
2227,426,"75
"
5811,281,"178
"
9395,100,"393
"
1716,100,"379
"
3508,100,"48
"
5300,100,"438
"
7092,100,"114
"
8884,100,"214
"
1205,100,"273
"
2997,100,"184
"
4789,100,"273
"
8373,100,"211
"
694,100,"162
"
6070,100,"49
"
183,100,"38
"
5559,100,"125
"
9143,100,"382
"
1464,100,"484
"
5048,100,"112
"
6840,100,"6
"
6329,100,"456
"
442,347,"249
"
2234,100,"56
"
4026,100,"52
"
5818,100,"133
"
5307,559,"155
"
7099,100,"380
"
4796,3281,"172:337
"
6588,100,"404
"
2493,100,"178
"
4285,100,"360
"
6077,100,"60
"
7869,100,"32
"
9661,100,"381
"
190,100,"214
"
5566,100,"52
"
9150,100,"458
"
1471,100,"192
"
3263,100,"133
"
5055,100,"172
"
6847,100,"358
"
8639,100,"87
"
2752,100,"410
"
8128,100,"88
"
9920,100,"132
"
449,100,"162
"
2241,130,"341
"
4033,331,"346
"
5825,2508,"254
"
5314,100,"82
"
7106,100,"315
"
8898,1420,"138
"
1219,100,"74
"
6595,100,"22
"
708,1130,"349
"
4292,100,"243
"
7876,100,"132
"
9668,100,"172
"
197,1298,"441
"
1989,108,"52
"
3781,100,"307
"
7365,100,"172
"
9157,100,"40
"
5062,100,"92
"
8646,100,"30
"
967,100,"104
"
2759,100,"345
"
4551,100,"348
"
8135,100,"366
"
456,100,"461
"
2248,232,"50
"
5832,100,"298
"
1737,100,"358
"
5321,100,"167
"
7113,100,"369
"
8905,100,"330
"
1226,100,"337
"
4810,100,"340
"
6602,100,"340
"
8394,100,"66
"
715,412,"216
"
2507,100,"178
"
4299,100,"13
"
7883,100,"82
"
9675,100,"25
"
204,100,"461
"
3788,100,"63
"
7372,7320,"136:372:254:65
"
9164,286,"112
"
1485,100,"272
"
3277,100,"474
"
5069,100,"213
"
8653,100,"390
"
2766,3221,"305
"
4558,100,"114
"
6350,100,"129
"
463,665,"72
"
2255,100,"88
"
4047,100,"30
"
5839,100,"483
"
7631,100,"124
"
1744,100,"8
"
3536,605,"82
"
4817,100,"40
"
6609,100,"481
"
8401,100,"296
"
2514,100,"125
"
6098,100,"214
"
9682,100,"115
"
211,321,"313
"
2003,100,"85
"
1492,629,"442
"
5076,100,"21
"
6868,100,"97
"
8660,100,"228
"
4565,4662,"410:170:434:437:182:188:446:461:236:326:344:95:116:132:402:153:159:249:294:84:114:378:133:160:451:19:322:82:349:103
"
470,561,"6
"
5846,202,"410:249
"
7638,100,"451
"
9430,100,"327
"
1751,100,"360
"
3543,100,"330
"
5335,100,"378
"
7127,100,"125
"
1240,100,"66
"
6616,100,"228
"
2521,100,"247
"
4313,664,"277
"
7897,100,"78:197
"
218,100,"192
"
2010,100,"88
"
3802,100,"297
"
5594,100,"330
"
7386,100,"192
"
9178,100,"88
"
1499,100,"114
"
5083,100,"162
"
2780,100,"476
"
477,100,"76
"
2269,100,"162
"
4061,100,"360
"
5853,631,"76
"
9437,100,"162
"
1758,100,"455
"
8926,100,"348
"
1247,100,"325:258
"
3039,100,"143
"
4831,732,"348
"
736,100,"245
"
6112,100,"414
"
7904,100,"430
"
9696,100,"147
"
225,1071,"106
"
2017,100,"218
"
3809,100,"340
"
5601,100,"360
"
7393,100,"6
"
9185,100,"378
"
1506,7003,"423
"
3298,100,"34
"
6882,100,"378
"
995,100,"250
"
2787,100,"462
"
4579,100,"402
"
8163,100,"104
"
9955,100,"141
"
484,100,"164
"
2276,100,"272
"
4068,100,"132
"
5860,100,"500
"
1765,100,"481:34
"
3557,100,"358
"
5349,100,"429
"
7141,100,"349
"
8933,100,"277
"
1254,100,"296
"
3046,100,"162
"
4838,404,"12:44
"
8422,100,"49
"
743,100,"393
"
4327,100,"85
"
232,788,"482
"
3816,100,"326
"
5608,100,"431
"
9192,161,"337
"
3305,100,"250
"
5097,100,"388
"
6889,1183,"52
"
2794,100,"359
"
6378,247,"254
"
8170,100,"49
"
9962,100,"151
"
491,100,"332
"
2283,100,"91
"
1772,100,"85
"
3564,100,"167
"
5356,100,"176
"
7148,100,"60
"
8940,100,"96
"
1261,2642,"115
"
3053,100,"421:450
"
4845,119,"37
"
8429,1032,"440
"
4334,100,"82
"
6126,100,"411
"
7918,1068,"366
"
239,100,"423
"
5615,100,"60
"
7407,100,"36
"
1520,100,"414
"
5104,100,"34
"
6896,100,"82
"
8688,582,"254
"
2801,100,"261
"
4593,100,"94
"
8177,100,"372
"
498,440,"133
"
4082,100,"355
"
5874,100,"315
"
7666,100,"380
"
9458,100,"124
"
3571,100,"164
"
5363,100,"40
"
7155,830,"410:249:102
"
8947,337,"136
"
4852,889,"453:108:26:347:110
"
757,100,"172
"
2549,100,"162
"
6133,100,"283
"
7925,100,"315
"
246,655,"480
"
2038,100,"250
"
3830,100,"9
"
5622,100,"360
"
9206,100,"364
"
3319,100,"239
"
1016,100,"49
"
2808,100,"333
"
4600,100,"174
"
6392,100,"214
"
8184,100,"216
"
4089,1418,"239
"
5881,100,"490
"
9465,100,"59
"
5370,100,"32
"
4859,100,"327
"
8443,100,"306
"
764,1502,"47
"
2556,100,"40
"
4348,100,"245
"
7932,100,"378
"
9724,347,"188:52
"
253,1109,"322
"
2045,100,"73
"
5629,458,"474
"
7421,100,"146
"
3326,100,"34
"
5118,100,"23
"
8702,100,"148
"
1023,100,"190
"
2815,673,"348
"
4607,100,"500
"
6399,100,"168
"
8191,100,"342
"
512,798,"168
"
2304,100,"194
"
7680,332,"124
"
9472,100,"272
"
1,100,"30
"
3585,100,"278
"
5377,100,"313
"
7169,100,"83
"
8961,100,"162
"
3074,100,"197
"
6658,100,"32
"
4355,1199,"146
"
9731,100,"383
"
260,100,"157
"
2052,100,"213
"
3844,100,"272
"
9220,100,"378
"
5125,100,"437
"
6917,100,"6
"
8709,100,"143
"
2822,538,"106
"
4614,100,"8
"
6406,256,"178
"
9990,100,"446
"
519,410,"91
"
2311,100,"17
"
4103,448,"155
"
9479,234,"441
"
8,919,"88
"
3592,100,"87
"
8457,456,"158:114
"
778,989,"249
"
2570,100,"172
"
4362,100,"159
"
6154,100,"362
"
7946,100,"130
"
9738,100,"349
"
267,432,"11
"
2059,100,"140
"
5643,100,"241
"
1548,100,"34
"
5132,100,"315
"
8716,100,"125
"
2829,100,"44
"
9997,100,"327
"
526,100,"340
"
2318,100,"228
"
4110,742,"188
"
5902,100,"178
"
9486,100,"345
"
15,100,"360
"
3599,100,"368
"
5391,100,"348
"
7183,100,"62
"
8975,100,"88
"
1296,1401,"308
"
6672,100,"349
"
785,1406,"206
"
2577,100,"437
"
7953,100,"135
"
274,100,"30
"
2066,100,"296
"
3858,100,"185
"
5650,100,"20
"
7442,793,"11:344:448:253
"
3347,100,"490
"
5139,100,"172
"
6931,100,"214
"
8723,100,"488:92
"
1044,223,"416
"
4628,100,"34
"
8212,450,"446
"
533,100,"429
"
2325,100,"457
"
4117,423,"17
"
5909,100,"261
"
7701,312,"253
"
22,100,"458
"
3606,100,"82
"
5398,100,"404
"
8982,908,"340
"
3095,745,"91:330
"
6679,100,"358
"
2584,206,"182
"
4376,100,"420
"
6168,100,"52
"
9752,375,"362
"
281,261,"461
"
5657,100,"446
"
7449,100,"402
"
3354,100,"186
"
5146,100,"107
"
6938,100,"88
"
8730,100,"40
"
2843,436,"254
"
6427,100,"481
"
8219,100,"137
"
540,100,"146
"
2332,100,"34
"
5916,100,"29
"
7708,358,"52
"
29,1001,"463
"
1821,100,"313
"
3613,100,"378
"
5405,100,"67
"
7197,100,"182
"
8989,100,"322
"
4894,772,"378
"
8478,100,"296
"
799,100,"82
"
6175,100,"355
"
9759,100,"337
"
288,219,"40
"
2080,100,"263
"
3872,100,"33
"
1569,100,"349
"
3361,100,"197
"
2850,100,"488
"
4642,100,"172
"
8226,450,"146
"
547,461,"37
"
2339,100,"31
"
7715,100,"114
"
36,682,"355
"
3620,100,"222
"
7204,100,"75
"
8996,100,"123
"
3109,100,"273
"
8485,100,"34
"
806,100,"74
"
2598,663,"88
"
9766,100,"333
"
295,100,"480
"
3879,100,"448
"
5671,100,"6
"
9255,100,"162
"
5160,100,"59
"
1065,255,"154
"
2857,100,"33
"
4649,100,"115
"
6441,100,"327
"
8233,100,"157
"
554,100,"474
"
2346,100,"194
"
4138,100,"178
"
5930,100,"76
"
7722,100,"127
"
43,100,"172
"
1835,100,"378
"
5419,335,"85
"
7211,100,"17
"
9003,100,"172
"
6700,460,"339
"
8492,100,"6
"
813,100,"162
"
4397,100,"61
"
9773,100,"415
"
302,100,"322
"
3886,100,"364
"
7470,100,"230
"
9262,100,"129
"
1583,1730,"265
"
3375,100,"81
"
6959,100,"55
"
1072,100,"349
"
2864,100,"6
"
561,100,"6
"
2353,273,"337
"
4145,100,"352
"
5937,100,"348
"
9521,100,"446
"
7218,100,"15
"
9010,100,"490
"
3123,100,"444
"
4915,454,"262
"
8499,100,"182
"
820,5192,"130:172:190:454:457:265:25:49:322:337:340:346:91:355:112:129:438:447:213:6:57:60:63:330:78:339:360:369:146:161:437:197:461:467:245:272:56:332:83:125
"
4404,317,"108
"
7988,100,"123
"
9780,100,"51
"
309,100,"245
"
3893,100,"102
"
7477,100,"360
"
1590,100,"162
"
3382,100,"265
"
5174,100,"125
"
6966,100,"337
"
8758,2121,"407:431:17:308:163:442:88:192:69:72
"
1079,664,"76
"
2871,100,"327
"
4663,100,"369
"
568,100,"6
"
2360,100,"14
"
5944,100,"66
"
7736,100,"401
"
57,1978,"390:445:250:34:85
"
1849,100,"228
"
5433,100,"438
"
7225,100,"86
"
9017,100,"301
"
1338,100,"33
"
3130,100,"461
"
6714,100,"214
"
827,100,"410
"
2619,100,"166
"
4411,100,"33
"
6203,309,"254
"
9787,100,"6
"
316,100,"83
"
3900,100,"49
"
5692,100,"322
"
1597,100,"338
"
5181,100,"339
"
8765,100,"60
"
4670,100,"6
"
6462,100,"490
"
8254,100,"138
"
575,873,"172
"
2367,100,"490
"
5951,1421,"133:345:372
"
9535,100,"288
"
64,100,"172
"
1856,100,"300
"
7232,100,"115
"
1345,100,"267
"
4929,100,"91
"
6721,100,"6
"
8513,100,"190:125
"
834,100,"22
"
2626,100,"32
"
6210,100,"199
"
8002,100,"459
"
323,382,"75
"
3907,100,"32
"
7491,100,"6
"
1604,100,"268
"
8772,100,"6
"
1093,100,"135
"
2885,100,"364
"
4677,100,"6
"
6469,100,"461
"
8261,100,"490
"
582,100,"6
"
2374,100,"490
"
4166,100,"216
"
71,100,"83
"
1863,100,"270
"
3655,100,"490
"
5447,100,"34
"
9031,120,"441
"
4936,100,"246
"
6728,100,"358
"
8520,100,"172
"
841,100,"167
"
2633,100,"27
"
4425,100,"63
"
9801,100,"262
"
330,484,"188
"
5706,100,"278
"
7498,100,"99
"
1611,100,"214
"
5195,100,"461
"
1100,100,"362
"
2892,100,"130
"
4684,100,"498
"
6476,100,"337
"
8268,100,"6
"
589,402,"455
"
2381,100,"360
"
7757,100,"17
"
9549,100,"84
"
78,100,"76
"
5454,100,"73
"
7246,380,"410
"
1359,100,"88
"
6735,100,"159
"
8527,100,"40
"
4432,100,"461
"
6224,100,"6
"
337,313,"138
"
2129,100,"383
"
3921,100,"178
"
7505,100,"172
"
1618,100,"340
"
6994,378,"272:124:360
"
1107,100,"378
"
8275,100,"138
"
596,100,"49
"
2388,100,"349
"
4180,100,"358
"
5972,100,"376
"
7764,100,"40
"
85,100,"224
"
9045,851,"250
"
1366,100,"344
"
3158,100,"410
"
8534,856,"32
"
2647,100,"315
"
4439,100,"143
"
8023,694,"33
"
344,100,"104
"
2136,840,"159
"
3928,100,"184
"
5720,100,"369:124
"
7512,100,"480
"
1625,100,"172
"
6490,100,"100
"
603,100,"484
"
5979,100,"267
"
7771,991,"245
"
9563,100,"364
"
92,411,"32
"
3676,100,"490
"
7260,100,"461
"
9052,151,"188
"
1373,100,"470
"
4957,100,"438
"
6238,100,"193
"
8030,100,"91
"
351,153,"155
"
2143,100,"327
"
5727,836,"6
"
7519,100,"230
"
9311,100,"352
"
1632,100,"162
"
2913,100,"360
"
6497,100,"222
"
8289,100,"389:380
"
610,100,"253
"
4194,543,"480
"
5986,100,"105
"
7778,100,"171
"
99,100,"366
"
5475,100,"441
"
7267,100,"56
"
9059,100,"397
"
1380,100,"405
"
6756,100,"132
"
8548,787,"86
"
869,100,"253
"
4453,100,"360
"
6245,100,"272
"
8037,100,"329
"
358,100,"29
"
2150,1191,"17
"
3431,100,"115
"
5223,100,"162
"
7015,100,"49
"
8807,100,"168
"
1128,100,"287
"
4712,100,"490
"
8296,100,"343
"
617,100,"438
"
2409,100,"129
"
5993,100,"40
"
7785,100,"162
"
9577,100,"130
"
106,100,"330
"
3690,100,"207
"
5482,597,"163:88:183:72:354:308
"
7274,100,"60
"
3179,100,"60
"
6763,100,"162
"
876,100,"275
"
4460,2055,"188
"
6252,100,"178
"
8044,100,"76
"
9836,100,"23
"
365,100,"6
"
3949,100,"382
"
5741,100,"348
"
7533,230,"346:91:348
"
9325,100,"88
"
1646,100,"91
"
5230,100,"6
"
1135,100,"82
"
8303,100,"124
"
624,100,"157
"
4208,100,"337
"
7792,100,"245
"
113,100,"84
"
9073,7216,"245:204:495:69:96:313:355:367
"
1394,100,"315
"
3186,100,"60
"
8562,100,"265
"
4467,100,"91
"
6259,100,"452
"
9843,100,"245
"
372,100,"33
"
3956,100,"444
"
7540,100,"6
"
3445,100,"343
"
5237,100,"33
"
4726,100,"108
"
631,168,"448
"
6007,100,"400
"
7799,100,"66
"
120,100,"33
"
1912,100,"172
"
3704,100,"204
"
5496,100,"132
"
7288,100,"7
"
9080,100,"272
"
1401,100,"307
"
3193,763,"63
"
4985,100,"270
"
6777,100,"240
"
8569,100,"397
"
890,100,"254
"
4474,2414,"348
"
8058,100,"331
"
9850,512,"402
"
379,100,"490:189
"
3963,100,"32
"
5755,100,"26
"
7547,100,"1
"
9339,100,"360
"
5244,100,"172
"
8828,100,"272
"
1149,100,"14
"
4733,100,"88
"
638,100,"83
"
7806,100,"339
"
9598,100,"340
"
1919,100,"346
"
5503,100,"34
"
7040,100,"490
"
8832,100,"453
"
2945,100,"339
"
4737,100,"296
"
6529,100,"292
"
8321,100,"333
"
642,226,"461
"
4226,100,"76
"
6018,100,"49
"
7810,100,"197
"
131,3289,"461
"
3715,206,"80
"
5507,100,"490
"
7299,100,"360
"
9091,100,"112
"
1412,100,"447
"
3204,100,"337
"
8580,100,"155
"
4485,100,"172
"
6277,100,"178
"
9861,100,"34
"
390,100,"162
"
7558,636,"63
"
1671,100,"124
"
7047,100,"483
"
8839,100,"178
"
2952,100,"480
"
4744,100,"456
"
6536,5494,"155:437:188:455:129:138:480:84
"
8328,100,"278
"
2441,100,"267
"
4233,100,"2
"
6025,350,"83
"
9609,100,"355
"
138,100,"138:446:175
"
1930,100,"444
"
3722,100,"93
"
5514,100,"83
"
7306,100,"438
"
5003,100,"369
"
6795,100,"6
"
8587,100,"20
"
908,100,"404
"
2700,515,"410
"
4492,156,"34
"
397,658,"216
"
2189,100,"162
"
3981,100,"155
"
5773,100,"23
"
5262,100,"375
"
7054,180,"441
"
1167,100,"467
"
2959,100,"378
"
8335,2555,"6:57:60:330:78:172:190:205:49:346:91:146:197:125
"
6032,100,"11:448
"
7824,100,"214
"
9616,298,"470
"
145,100,"197
"
3729,1202,"76
"
9105,100,"253
"
3218,100,"214
"
6802,100,"272
"
8594,100,"186
"
915,100,"49
"
4499,100,"172
"
6291,564,"78
"
8083,277,"52
"
404,100,"181:445:220:481:250:34
"
2196,792,"52
"
3988,100,"461
"
5780,100,"421
"
7572,100,"390
"
1685,100,"470
"
3477,100,"32
"
8853,330,"272
"
2966,100,"87
"
4758,100,"337
"
663,100,"355
"
2455,2372,"186:125
"
6039,100,"265
"
152,100,"178
"
3736,100,"172
"
7320,100,"52
"
1433,100,"75
"
5017,100,"332
"
922,100,"263
"
4506,100,"162
"
6298,100,"463
"
8090,100,"466
"
9882,10222,"419:301:79:379:462:111:372
"
411,709,"152:253:366
"
2203,100,"383
"
3995,100,"228
"
7579,100,"460
"
9371,100,"393
"
1692,393,"480
"
3484,100,"162
"
5276,100,"32
"
7068,1027,"76
"
8860,100,"21
"
4765,100,"223
"
6557,100,"133
"
670,100,"112
"
2462,100,"52
"
6046,100,"455
"
7838,100,"304
"
9630,100,"454
"
159,119,"324
"
1951,659,"470
"
5535,100,"337
"
7327,100,"444
"
9119,671,"360:272
"
1440,100,"83
"
3232,100,"272
"
5024,100,"263
"
8608,100,"22
"
929,100,"178
"
2721,100,"40
"
6305,100,"28
"
8097,100,"228
"
418,415,"461
"
1699,100,"296
"
3491,408,"396
"
5283,100,"16
"
7075,100,"371
"
2980,100,"461
"
4772,100,"184
"
6564,100,"199
"
677,100,"482
"
4261,100,"315
"
6053,178,"490
"
7845,100,"360
"
9637,100,"268
"
166,100,"76
"
1958,100,"63
"
5542,320,"441
"
7334,100,"278
"
9126,100,"262
"
1447,100,"436:500
"
8615,100,"162
"
936,100,"500
"
4520,100,"32
"
6312,100,"262
"
9896,100,"330
"
425,306,"6
"
2217,100,"340
"
7593,100,"272
"
9385,378,"262:277:33
"
3498,2344,"480:84:188
"
5290,100,"76
"
4779,100,"88
"
6571,598,"322
"
8363,100,"100
"
684,332,"114
"
2476,100,"393
"
6060,100,"437:362
"
7852,100,"82
"
173,143,"162
"
1965,100,"296
"
3757,100,"82
"
5549,100,"327
"
7341,100,"262
"
9133,100,"157
"
1454,100,"6
"
943,100,"421
"
8111,100,"360
"
9903,100,"89
"
432,100,"155
"
2224,100,"360
"
4016,100,"368
"
9392,100,"32
"
1713,100,"114
"
3505,100,"429
"
5297,100,"261
"
7089,100,"438
"
2994,100,"272
"
6067,100,"27
"
180,100,"17
"
1972,100,"210
"
5556,100,"390
"
7348,100,"245
"
3253,100,"474
"
6837,100,"379
"
950,100,"474
"
2742,100,"456
"
4534,100,"124
"
6326,100,"230
"
9910,100,"456
"
439,1272,"67:368:119
"
2231,100,"213
"
5815,100,"21
"
7607,100,"68
"
9399,100,"172
"
1720,100,"91
"
3512,100,"48
"
7096,100,"220
"
8888,100,"301
"
1209,100,"372
"
4793,100,"467
"
698,100,"239
"
2490,100,"358
"
4282,100,"454
"
6074,100,"421
"
187,100,"355
"
1979,294,"340
"
5563,100,"167
"
7355,100,"32
"
6844,100,"60:146
"
957,100,"49
"
2749,100,"378
"
4541,1113,"360
"
9917,100,"197
"
446,100,"172
"
2238,100,"213
"
7614,100,"468
"
9406,100,"214
"
3519,100,"483
"
5311,100,"155
"
8895,100,"358
"
3008,100,"76
"
4289,100,"337
"
6081,100,"133
"
7873,100,"490
"
194,100,"404
"
3778,100,"190
"
5570,290,"410:245
"
5059,100,"204
"
6851,100,"25
"
8643,100,"32
"
2756,100,"272
"
9924,100,"6
"
453,100,"197
"
2245,100,"106
"
4037,100,"289
"
7621,100,"471
"
9413,100,"63
"
1734,100,"114
"
7110,100,"24
"
8902,100,"416
"
712,100,"354
"
4296,100,"23
"
6088,100,"327
"
7880,100,"73
"
9672,100,"192
"
201,1598,"72
"
3785,100,"345
"
1482,565,"72
"
3274,100,"358
"
8139,100,"32
"
9931,100,"17
"
460,100,"216
"
5325,100,"396
"
7117,1148,"63:461
"
8909,100,"272
"
2511,100,"265
"
4303,100,"333
"
6095,100,"44
"
9679,100,"404:426:381
"
208,100,"167
"
5584,100,"6
"
7376,100,"132
"
9168,100,"278
"
1489,100,"68
"
8657,100,"227
"
978,100,"181
"
2770,100,"173
"
4562,100,"383
"
8146,100,"404
"
467,100,"9
"
4051,100,"91
"
1748,453,"287
"
3540,1050,"340
"
7124,100,"28
"
3029,100,"318
"
6613,100,"132
"
8405,100,"11
"
2518,100,"372
"
215,718,"360
"
3799,100,"474
"
5591,100,"249
"
7383,100,"410
"
9175,100,"162
"
1496,100,"423
"
5080,100,"6
"
6872,100,"358
"
4569,1405,"254
"
6361,100,"104
"
8153,100,"26
"
9945,100,"316
"
474,100,"162
"
2266,100,"40
"
7642,100,"172
"
9434,100,"358
"
1755,100,"178
"
3547,100,"355
"
1244,100,"112
"
4828,1389,"469:265:340
"
2525,100,"468
"
4317,100,"446
"
7901,1692,"65
"
9693,100,"343
"
222,100,"190
"
2014,100,"253
"
5598,100,"130
"
7390,100,"360
"
9182,100,"335
"
1503,100,"76
"
5087,100,"181
"
6879,666,"194
"
8671,388,"172
"
2784,100,"339
"
6368,100,"34
"
8160,100,"34
"
481,692,"161
"
4065,100,"123
"
5857,100,"372
"
1762,100,"410
"
3554,326,"262
"
7138,100,"348
"
8930,100,"204
"
4835,100,"88
"
2532,100,"301
"
6116,100,"372
"
229,100,"340
"
3813,100,"488
"
7397,100,"178
"
9189,968,"455:129:84
"
1510,100,"378
"
3302,1061,"347
"
5094,100,"216
"
6886,100,"162
"
8678,100,"355
"
2791,100,"108
"
4583,100,"372
"
6375,100,"283
"
488,100,"230
"
2280,100,"61
"
4072,100,"360
"
3561,100,"162
"
5353,100,"52
"
7145,100,"162
"
8937,100,"32
"
3050,100,"358
"
4842,100,"263
"
6634,100,"58
"
4331,100,"330
"
236,487,"120
"
3820,100,"356
"
5612,100,"445
"
7404,100,"60
"
1517,100,"49
"
5101,100,"178
"
6893,100,"73
"
8685,100,"155
"
1006,100,"410
"
8174,132,"441
"
9966,100,"360
"
495,100,"52
"
2287,100,"114
"
7663,100,"178
"
9455,100,"214
"
3568,100,"40
"
5360,682,"322
"
7152,100,"133
"
8944,100,"162
"
3057,100,"34
"
6641,100,"85
"
8433,100,"461
"
2546,100,"115
"
4338,100,"272
"
6130,494,"277
"
7922,100,"333
"
9714,100,"108
"
243,100,"32
"
2035,100,"115
"
3827,100,"330
"
5619,100,"300
"
1524,100,"372
"
3316,100,"340
"
5108,804,"272:360
"
6900,977,"249
"
8692,100,"102
"
6389,100,"250
"
8181,100,"199
"
9973,100,"1
"
502,916,"448
"
2294,419,"265:112
"
4086,100,"366
"
5878,100,"358
"
1783,100,"280
"
7159,100,"342
"
8951,100,"355
"
1272,100,"6
"
3064,100,"384
"
4856,100,"362
"
6648,100,"346
"
8440,100,"445
"
761,100,"172
"
2553,100,"60
"
4345,177,"272
"
7929,100,"331
"
250,100,"216
"
2042,100,"270
"
9210,100,"448
"
3323,100,"265
"
5115,100,"360
"
6907,100,"151
"
1020,100,"308
"
4604,100,"6
"
6396,100,"85
"
9980,100,"81
"
509,307,"378
"
4093,100,"442
"
5885,100,"162
"
7677,100,"360
"
9469,100,"26
"
1790,100,"457
"
5374,100,"360
"
1279,227,"355
"
3071,100,"138
"
4863,1689,"360
"
6655,100,"132
"
8447,386,"60
"
2560,100,"60
"
9728,100,"212
"
257,100,"213
"
2049,100,"437
"
7425,100,"470
"
1538,100,"14
"
6914,100,"178
"
2819,100,"244
"
4611,100,"400
"
6403,100,"33
"
9987,100,"349
"
516,100,"137
"
2308,100,"448
"
4100,100,"478
"
9476,100,"278
"
3589,312,"189
"
5381,100,"340
"
8965,100,"390
"
1286,100,"100
"
4870,100,"215
"
6662,100,"228
"
8454,100,"272
"
7943,100,"443
"
264,100,"32
"
2056,235,"341
"
3848,100,"142
"
9224,100,"24
"
1545,100,"88
"
8713,100,"397
"
1034,100,"342
"
4618,100,"330
"
6410,100,"60
"
9994,100,"88
"
523,348,"83
"
2315,100,"9
"
4107,100,"467
"
5899,100,"358
"
7691,100,"272
"
9483,1523,"360
"
12,100,"490
"
1804,100,"17
"
3596,100,"253
"
1293,100,"197
"
6669,100,"69
"
782,503,"445
"
4366,392,"215
"
6158,9208,"437:362
"
7950,100,"17
"
271,100,"178
"
9231,100,"322
"
1552,100,"330
"
3344,100,"178
"
5136,100,"211
"
6928,100,"228
"
8720,100,"235
"
2833,100,"114
"
4625,100,"189
"
6417,100,"15
"
8209,315,"490
"
530,100,"51
"
2322,100,"82
"
4114,100,"441
"
9490,100,"272
"
19,100,"32
"
5395,100,"40
"
7187,100,"6
"
1300,100,"355
"
4884,100,"114
"
8468,100,"481
"
2581,100,"6
"
4373,100,"129
"
7957,100,"186
"
278,5371,"404:410:182:188:461:254:272:17:287:65:122:441:480:294:324:327:84:360:126:133:136:238:253:25:34:322:82:88:346
"
2070,100,"470
"
3862,100,"178
"
1559,100,"167
"
3351,100,"227
"
5143,100,"125
"
6935,5029,"188
"
8727,277,"372
"
2840,100,"6
"
537,100,"84
"
4121,100,"6
"
9497,228,"76
"
26,1706,"404
"
1818,631,"442
"
5402,100,"93
"
7194,1655,"148:188:480
"
1307,100,"203
"
4891,100,"91
"
6683,100,"85
"
8475,100,"30
"
2588,100,"187
"
4380,260,"88
"
6172,100,"216
"
7964,100,"375
"
9756,100,"446
"
285,100,"245
"
3869,100,"178
"
7453,100,"6
"
3358,100,"112
"
544,329,"25
"
9504,100,"34
"
1825,100,"245
"
7201,100,"216
"
8993,100,"57
"
1314,100,"360
"
4898,100,"183
"
2595,100,"272:360:369
"
7971,1780,"340:461
"
292,5873,"192:308
"
2084,100,"262
"
3876,100,"34
"
5668,100,"228
"
7460,100,"207
"
9252,100,"91
"
1573,100,"33
"
5157,100,"349
"
8741,100,"239
"
4646,100,"228
"
6438,100,"212
"
8230,1157,"52
"
551,100,"17:308
"
9511,100,"114
"
40,100,"9
"
1832,155,"441
"
3624,100,"461
"
5416,467,"468
"
7208,100,"172
"
1321,100,"172
"
3113,100,"322
"
4905,100,"500
"
6697,3328,"254
"
8489,2365,"192:495:45:69:72:354:407:470:17:308:163:88
"
810,100,"194
"
4394,100,"80
"
6186,100,"88
"
7978,100,"105
"
9770,100,"29
"
299,2799,"52:410:249:102
"
2091,100,"6
"
3883,100,"439
"
7467,311,"461
"
9259,100,"243
"
3372,100,"405
"
6956,100,"76
"
8748,100,"33
"
2861,100,"52
"
8237,1430,"25
"
558,100,"366
"
2350,100,"278
"
4142,100,"461
"
5934,100,"490
"
7726,506,"378
"
47,852,"6:330:348
"
1839,100,"135
"
3631,1303,"438:360:272
"
5423,100,"130
"
6704,100,"138
"
2609,299,"470
"
4401,100,"178
"
306,100,"178
"
2098,100,"338
"
3890,100,"333
"
5682,100,"322
"
7474,100,"393
"
9266,100,"378
"
3379,100,"137
"
1076,100,"219:273
"
4660,100,"402
"
565,100,"39
"
5941,100,"214
"
7733,100,"92
"
9525,100,"381
"
1846,100,"6
"
3638,843,"461
"
5430,100,"102
"
7222,100,"76
"
9014,141,"152
"
1335,1826,"95
"
3127,100,"378
"
4919,100,"461
"
6711,100,"256
"
8503,100,"253
"
824,100,"75
"
9784,100,"32
"
313,100,"32
"
5689,100,"254
"
1594,100,"138
"
3386,100,"93
"
5178,100,"32
"
6970,100,"34
"
8762,100,"215
"
4667,100,"170
"
6459,1369,"91
"
572,100,"257
"
4156,100,"83
"
5948,100,"157
"
7740,100,"65
"
9532,100,"26
"
61,100,"382
"
1853,100,"6
"
3645,100,"307
"
5437,100,"360
"
7229,100,"133
"
9021,100,"207
"
1342,100,"171
"
3134,100,"272
"
4926,100,"9
"
6718,100,"172
"
8510,100,"100
"
831,100,"234
"
2623,100,"127
"
4415,728,"341
"
320,100,"355
"
2112,100,"216
"
7488,100,"88
"
1601,451,"322
"
5185,602,"195
"
2882,100,"85
"
4674,240,"441
"
8258,100,"75
"
579,161,"52
"
2371,517,"6
"
4163,100,"151
"
5955,100,"34
"
7747,100,"40
"
9539,100,"154
"
68,170,"216
"
1860,100,"114
"
5444,617,"132:102
"
9028,100,"416
"
3141,100,"305
"
6725,100,"358
"
4422,100,"48
"
327,100,"254
"
3911,100,"340
"
7495,100,"481
"
1608,124,"115
"
5192,100,"349
"
6984,100,"456
"
8776,100,"264
"
4681,100,"325
"
6473,100,"262
"
8265,100,"170
"
586,100,"396
"
5962,100,"61
"
7754,100,"448
"
75,100,"32
"
3659,100,"339
"
5451,100,"448
"
7243,100,"309
"
9035,100,"456
"
6732,100,"124
"
8524,100,"174
"
6221,100,"263:327
"
8013,100,"190
"
9805,100,"358
"
334,2229,"188
"
2126,100,"91
"
1615,100,"102
"
3407,260,"52
"
6991,100,"197
"
8783,100,"339
"
1104,100,"353
"
4688,100,"48
"
8272,100,"315
"
593,386,"81
"
5969,100,"272
"
82,100,"378
"
1874,100,"216
"
3666,100,"161
"
1363,811,"88
"
3155,100,"457
"
6739,298,"115
"
8531,100,"287
"
852,100,"348
"
2644,1433,"84
"
4436,538,"383
"
6228,100,"207
"
9812,100,"278
"
341,100,"254
"
7509,149,"333
"
3414,100,"313
"
5206,100,"378
"
6998,951,"34
"
1111,775,"287
"
4695,100,"178
"
6487,100,"44
"
600,545,"265
"
2392,100,"341
"
4184,100,"372
"
5976,100,"383
"
7768,1398,"82:50
"
89,100,"81
"
3673,100,"162
"
7257,100,"393
"
9049,100,"241
"
1370,443,"341
"
859,100,"166
"
2651,100,"88
"
6235,100,"459
"
8027,100,"136
"
9819,100,"230
"
348,1445,"161:186:366
"
2140,100,"6
"
3932,100,"94
"
5724,100,"88
"
1629,514,"216
"
7005,100,"424
"
2910,5095,"480:211
"
6494,100,"372
"
8286,100,"216
"
607,252,"330
"
7775,100,"33
"
96,100,"372
"
3680,100,"162
"
5472,100,"315
"
3169,100,"337
"
4961,100,"348
"
4450,100,"132
"
6242,100,"349
"
355,1179,"88
"
2147,100,"454
"
5731,100,"438
"
9315,100,"173
"
1636,100,"129
"
3428,100,"366
"
7012,100,"349
"
1125,558,"52
"
8293,100,"358
"
614,509,"49
"
4198,100,"368
"
5990,100,"172
"
103,100,"220
"
1895,348,"410
"
3687,100,"461
"
5479,100,"40
"
7271,100,"445
"
9063,100,"483
"
4968,100,"348
"
8552,100,"124
"
873,100,"17
"
4457,100,"349
"
6249,381,"138
"
8041,100,"95
"
9833,100,"26
"
362,319,"448
"
3946,100,"331
"
5738,100,"14
"
7530,100,"151
"
9322,100,"263
"
1643,100,"162
"
5227,100,"57
"
1132,100,"151
"
2924,100,"6
"
8300,100,"82
"
621,1219,"81:8:368
"
2413,100,"99
"
4205,100,"61
"
9581,100,"283
"
110,131,"178
"
1902,100,"341
"
3694,855,"170
"
9070,464,"272
"
1391,100,"88
"
4975,2774,"461
"
6767,100,"483
"
9840,100,"17
"
369,442,"168
"
2161,100,"6
"
3953,100,"66
"
5745,100,"64
"
9329,100,"315
"
1650,100,"112
"
5234,100,"355
"
7026,100,"333
"
4723,299,"337
"
8307,325,"216
"
628,2684,"341:441:117
"
2420,100,"350
"
4212,100,"358
"
6004,649,"360
"
7796,100,"34
"
1909,100,"372
"
5493,100,"87
"
7285,100,"233
"
9077,100,"352
"
4982,100,"76
"
6774,100,"272
"
2679,100,"6
"
6263,100,"263
"
9847,100,"57
"
376,355,"88
"
3960,100,"339
"
5752,100,"288
"
7544,100,"332
"
9336,100,"12
"
1657,1175,"340
"
5241,576,"249
"
7033,100,"34
"
8825,100,"213
"
1146,100,"164
"
6522,100,"275
"
635,251,"333:93:20:82
"
2427,100,"6
"
4219,100,"461
"
9595,100,"114
"
1916,100,"107
"
1405,100,"91
"
3197,100,"404:41
"
8573,100,"378
"
2686,100,"167
"
4478,100,"175
"
6270,100,"61
"
9854,240,"254
"
383,100,"480
"
4736,100,"88
"
6528,455,"63
"
641,100,"347
"
4225,100,"272
"
7809,100,"400
"
130,100,"322
"
9090,100,"40
"
8579,100,"250
"
900,784,"268
"
9860,100,"230
"
389,309,"88
"
2181,100,"162
"
3973,100,"224
"
7557,100,"378
"
9349,100,"145
"
1670,100,"91
"
3462,100,"115
"
7046,100,"94
"
8838,100,"453
"
1159,100,"382
"
2951,518,"91
"
8327,100,"253
"
648,100,"327
"
2440,100,"186
"
4232,100,"164
"
6024,100,"68
"
1929,100,"207
"
3721,100,"330
"
5513,100,"490
"
7305,100,"178
"
9097,100,"197
"
3210,100,"338
"
5002,100,"348
"
8586,100,"34
"
907,100,"207
"
2699,100,"6
"
4491,100,"429
"
6283,694,"287
"
396,100,"32
"
2188,100,"272
"
3980,100,"404
"
9356,100,"456
"
3469,100,"141
"
5261,100,"272
"
8845,576,"448
"
1166,100,"360
"
2958,100,"480
"
4750,100,"88
"
6542,100,"404
"
8334,100,"143
"
655,1024,"410
"
2447,100,"355
"
7823,100,"355
"
144,100,"114
"
3728,366,"84
"
5520,100,"216
"
7312,3093,"480:188
"
9104,100,"169
"
1425,100,"6
"
3217,100,"44
"
5009,100,"350
"
6801,100,"366:448:152
"
8593,100,"455
"
914,100,"34
"
4498,100,"230
"
6290,100,"216
"
403,555,"461
"
2195,100,"301
"
3987,100,"288
"
5779,100,"123
"
7571,100,"348
"
9363,100,"163
"
1684,100,"404
"
3476,100,"175:12
"
5268,100,"64
"
8852,100,"100
"
1173,100,"6
"
2965,100,"322
"
4757,100,"404
"
6549,100,"278
"
8341,100,"461
"
662,100,"239
"
2454,100,"490
"
7830,1799,"172:337
"
151,302,"339
"
1943,100,"421
"
5527,100,"120
"
9111,3766,"130:199:254:348
"
1432,100,"461
"
3224,100,"38
"
5016,100,"206
"
6808,100,"138
"
4505,231,"214
"
6297,100,"88
"
410,100,"404
"
2202,100,"146
"
3994,100,"330
"
5786,100,"88
"
9370,100,"476
"
1691,100,"262
"
5275,100,"446
"
7067,100,"6
"
1180,100,"340
"
2972,100,"34
"
4764,100,"338
"
6556,100,"159
"
669,100,"185
"
6045,1174,"157
"
7837,100,"91
"
158,100,"186
"
3742,100,"172
"
7326,100,"6
"
9118,100,"350
"
3231,100,"218
"
8607,100,"466
"
928,100,"245
"
4512,100,"313
"
6304,458,"85:429
"
8096,100,"132
"
417,100,"495
"
2209,100,"206
"
4001,1498,"349
"
7585,687,"337
"
1698,100,"211
"
5282,100,"197
"
8866,100,"88
"
1187,100,"132
"
6563,100,"337
"
676,100,"11
"
6052,100,"49
"
7844,100,"263
"
165,100,"360
"
3749,100,"495
"
7333,100,"243
"
3238,100,"107
"
5030,100,"155
"
935,100,"130
"
2727,100,"151
"
424,5366,"192:495:69:72:120:442:106:470:17:308
"
5800,100,"157
"
9384,100,"61
"
1705,100,"254
"
7081,100,"34
"
1194,100,"490
"
2986,100,"490
"
4778,100,"162
"
6570,100,"60
"
2475,100,"65
"
6059,100,"495
"
172,100,"7
"
1964,100,"104
"
3756,100,"497
"
5548,100,"216
"
7340,141,"410
"
9132,100,"135:30
"
2734,100,"383
"
4526,100,"390
"
6318,100,"115
"
8110,274,"296
"
9902,100,"341
"
431,100,"155
"
2223,100,"172
"
7599,100,"197
"
3504,100,"265
"
8880,100,"214
"
4785,100,"206
"
690,100,"471
"
6066,100,"92
"
9650,100,"308
"
179,100,"284
"
5555,100,"33
"
7347,100,"59
"
9139,100,"468
"
1460,100,"340
"
3252,100,"105
"
8628,100,"239
"
2741,100,"366
"
438,100,"482
"
4022,100,"245
"
7606,1780,"404
"
9398,100,"82
"
3511,100,"401
"
5303,100,"146
"
7095,403,"213
"
1208,100,"358
"
3000,100,"468
"
4792,100,"352
"
186,655,"360
"
1978,2421,"84:322:446
"
3770,144,"470
"
3259,100,"323
"
5051,100,"6
"
956,100,"410
"
6332,100,"202
"
8124,100,"139
"
445,100,"178
"
2237,257,"83
"
4029,100,"360
"
8894,100,"282
"
1215,100,"245
"
4799,100,"340
"
6591,100,"327
"
8383,100,"20
"
704,100,"112
"
4288,100,"410
"
6080,715,"88
"
7872,578,"455
"
9664,399,"192
"
193,100,"57
"
1985,100,"30
"
7361,100,"317
"
1474,100,"211
"
3266,100,"4
"
5058,100,"481
"
8642,145,"429
"
963,376,"360
"
2755,100,"100
"
4547,100,"322
"
6339,100,"256
"
452,543,"25
"
2244,100,"173
"
9412,100,"95
"
1733,100,"287
"
8901,100,"9
"
3014,100,"108
"
4806,100,"295
"
8390,100,"75
"
2503,266,"88
"
4295,252,"368
"
6087,100,"114
"
200,100,"88
"
9160,100,"292
"
3273,100,"119
"
6857,100,"155
"
970,100,"245
"
9930,100,"294
"
459,100,"322
"
4043,100,"164
"
1740,100,"445
"
3532,100,"60
"
7116,100,"240
"
8908,100,"240
"
1229,100,"245
"
3021,100,"21
"
6605,100,"277
"
8397,100,"17
"
4302,100,"360
"
6094,100,"114
"
7886,100,"358
"
9678,100,"445
"
207,278,"44
"
5583,100,"355
"
9167,5485,"241:265:19:255:336:248:77:371
"
1488,100,"13
"
3280,100,"199
"
5072,100,"330
"
8656,100,"56
"
977,100,"60
"
4561,100,"195
"
6353,683,"340
"
8145,100,"216
"
466,100,"448
"
7634,100,"12
"
9426,100,"215
"
1747,100,"88
"
3539,100,"494
"
5331,1141,"15
"
7123,100,"34
"
8915,100,"250
"
1236,100,"245
"
4820,490,"84
"
8404,100,"162
"
4309,100,"62
"
6101,100,"445
"
7893,100,"6
"
9685,100,"441
"
214,241,"17
"
2006,100,"124
"
3798,100,"33
"
5590,100,"30
"
1495,100,"40
"
5079,100,"185
"
6871,100,"490
"
8663,100,"173
"
984,100,"162
"
8152,100,"167
"
473,6257,"17:308
"
2265,100,"115
"
4057,100,"80
"
7641,973,"455
"
9433,100,"340
"
5338,100,"263
"
7130,100,"337
"
3035,100,"346
"
4827,143,"446
"
6619,100,"88
"
8411,100,"438
"
2524,100,"60
"
4316,100,"6
"
6108,100,"190
"
7900,100,"40
"
221,1191,"138
"
3805,100,"201
"
5597,100,"172
"
7389,100,"327
"
1502,100,"303
"
3294,733,"404:152:11:448:37:382:216
"
5086,100,"346:91
"
6878,100,"339
"
8670,100,"75
"
991,100,"368
"
4575,100,"461
"
480,100,"82:434:482:287:153:360
"
9440,146,"366
"
5345,294,"159:322:349
"
7137,100,"88
"
6626,100,"378
"
4323,100,"190
"
6115,100,"213
"
7907,100,"13
"
228,100,"461
"
3812,153,"213
"
5604,100,"86
"
9188,100,"446
"
5093,100,"198
"
998,100,"182
"
2790,100,"172
"
4582,100,"51
"
9958,100,"326
"
487,100,"253
"
2279,100,"495
"
5863,100,"213
"
7655,137,"40
"
1768,100,"51
"
3560,100,"104
"
7144,2150,"213
"
8936,100,"366
"
3049,100,"261
"
4841,100,"6
"
8425,100,"490
"
6122,294,"135
"
7914,106,"162
"
235,213,"482
"
2027,100,"240
"
3819,100,"172
"
1005,100,"33
"
4589,100,"448
"
9965,100,"6
"
494,100,"474
"
2286,100,"330
"
4078,100,"6
"
7662,100,"83
"
3567,100,"100
"
5359,100,"104:358:162
"
3056,100,"256
"
4848,100,"307
"
6640,100,"17
"
8432,100,"164
"
2545,100,"340
"
6129,100,"84
"
7921,100,"6
"
9713,100,"366
"
242,100,"461
"
2034,100,"322
"
3826,100,"461
"
5618,100,"263
"
9202,100,"99
"
3315,100,"82
"
6899,100,"483
"
8691,100,"167
"
1012,566,"172
"
2804,100,"348
"
4596,100,"272
"
6388,100,"371
"
8180,100,"271
"
9972,100,"34
"
4085,100,"360
"
5366,100,"55
"
8950,100,"293
"
3063,100,"457
"
4855,100,"167
"
8439,100,"57
"
760,100,"340
"
249,100,"17
"
2041,100,"188
"
3833,100,"265
"
7417,100,"480
"
9209,100,"483
"
1530,1373,"441
"
8698,1055,"322
"
1019,100,"34
"
6395,100,"189
"
9979,100,"131
"
508,100,"254
"
2300,100,"294
"
4092,100,"230
"
5884,100,"82
"
7676,100,"15:51
"
1789,100,"216
"
8957,100,"61
"
3070,373,"62:368
"
4862,100,"262
"
6654,100,"216
"
767,215,"215
"
7935,100,"93
"
9727,100,"164
"
256,100,"91
"
3840,100,"123
"
7424,100,"322
"
9216,100,"76
"
3329,100,"327
"
6913,100,"100
"
8705,100,"445
"
1026,100,"62
"
2818,100,"474
"
8194,100,"369
"
9986,100,"445
"
515,1064,"348
"
2307,100,"441
"
5891,100,"277
"
9475,100,"108
"
4,100,"257
"
1796,636,"277
"
8964,100,"454
"
1285,100,"82:93
"
3077,473,"40
"
8453,100,"83
"
774,100,"242
"
2566,100,"270
"
4358,100,"461
"
7942,100,"57
"
263,100,"172
"
3847,100,"498
"
5639,100,"428
"
7431,100,"436
"
9223,100,"273
"
1544,100,"88
"
5128,100,"410
"
1033,331,"189
"
4617,100,"89
"
6409,100,"162
"
9993,100,"287:360
"
522,100,"423
"
4106,100,"91
"
5898,100,"82
"
11,100,"360
"
3595,100,"88:470
"
5387,420,"272
"
7179,100,"122
"
8971,100,"162
"
1292,100,"216
"
3084,100,"155
"
4876,100,"490
"
6668,100,"476
"
8460,100,"216
"
2573,100,"28
"
6157,256,"26:347:110:453:94
"
270,239,"355
"
2062,100,"308
"
7438,100,"348
"
9230,100,"351
"
3343,100,"360
"
5135,100,"197
"
8719,100,"210
"
1040,100,"337
"
2832,100,"162
"
8208,100,"319
"
529,100,"119
"
7697,100,"245
"
9489,100,"98
"
18,100,"448
"
5394,100,"190
"
7186,100,"240
"
3091,100,"355
"
4883,100,"402
"
8467,100,"157
"
788,100,"245
"
2580,100,"333
"
4372,853,"330
"
9748,100,"270
"
277,1195,"441
"
5653,100,"162
"
7445,100,"339
"
9237,100,"162
"
1558,100,"320
"
8726,100,"249
"
2839,100,"60
"
4631,100,"338
"
8215,100,"455
"
536,1622,"6
"
2328,100,"265
"
7704,100,"378
"
25,100,"346:348
"
1817,100,"172
"
8985,100,"230
"
3098,100,"249
"
6682,100,"57
"
795,100,"6
"
2587,100,"120
"
4379,184,"372
"
6171,897,"249
"
7963,100,"82
"
9755,138,"441
"
284,137,"155
"
3868,100,"461
"
5149,100,"73
"
6941,100,"130
"
8733,100,"2
"
8222,100,"430
"
543,2877,"67
"
2335,1063,"84:446
"
5919,1232,"33
"
7711,100,"334
"
9503,100,"400
"
32,100,"360
"
1824,100,"57
"
3616,100,"307
"
7200,100,"132
"
1313,100,"33
"
4897,100,"161
"
6689,100,"439
"
8481,473,"366
"
2594,100,"31
"
4386,100,"138
"
6178,100,"188
"
7970,100,"25:337
"
9762,100,"158
"
291,100,"33
"
3875,100,"364
"
9251,100,"32
"
1572,100,"254
"
5156,100,"287
"
8740,100,"182
"
1061,12821,"88:183:495:69:17
"
550,833,"116
"
2342,100,"468
"
4134,100,"167
"
7718,2103,"138
"
9510,100,"115
"
39,100,"406:466:219
"
1831,100,"22
"
7207,100,"32
"
8999,100,"84
"
1320,100,"402
"
4904,100,"278
"
8488,100,"207
"
2601,100,"206
"
4393,100,"268
"
6185,1025,"69:120
"
7977,100,"192
"
298,100,"443
"
3882,100,"95
"
7466,100,"59
"
1579,100,"88
"
3371,100,"420
"
5163,100,"474
"
6955,100,"358
"
8747,100,"407
"
2860,100,"369
"
6444,100,"66
"
557,1645,"114
"
2349,100,"126
"
4141,100,"400
"
9517,100,"224
"
46,761,"360
"
1838,100,"277
"
3630,100,"33
"
5422,100,"360
"
9006,100,"272
"
3119,692,"339
"
4911,100,"85
"
8495,100,"6
"
6192,100,"21
"
7984,100,"29
"
9776,100,"214
"
305,586,"364
"
3889,100,"6
"
5681,100,"360
"
9265,100,"316
"
1586,430,"52
"
8754,186,"273:93:460
"
1075,100,"253
"
6451,100,"33
"
564,100,"8
"
4148,100,"80
"
7732,116,"272
"
53,100,"172
"
1845,100,"333
"
3637,100,"324
"
5429,100,"44
"
7221,100,"44
"
6710,100,"6
"
823,100,"178
"
2615,100,"327
"
4407,100,"481
"
6199,100,"167
"
7991,100,"368
"
312,100,"272
"
2104,100,"347
"
3896,100,"343
"
5688,100,"355
"
9272,148,"246:372
"
1593,100,"89
"
3385,100,"421
"
5177,100,"490
"
2874,100,"20
"
571,6516,"18:63:265:340:112:461:56
"
4155,100,"85
"
7739,100,"130
"
60,100,"335:288
"
5436,100,"21
"
4925,100,"320
"
8509,100,"397
"
2622,14996,"49:146:6
"
4414,100,"480
"
6206,229,"490
"
7998,210,"82
"
9790,100,"88
"
3903,100,"8
"
5695,100,"88
"
9279,100,"82
"
1600,100,"30
"
5184,100,"445
"
8768,100,"34
"
4673,100,"30
"
6465,100,"157
"
8257,1541,"254
"
578,658,"91
"
4162,100,"172
"
7746,100,"424
"
9538,100,"159
"
67,134,"322
"
1859,100,"155
"
3651,100,"362
"
5443,100,"340
"
7235,100,"172
"
9027,100,"132
"
1348,100,"91
"
4932,100,"104
"
6724,100,"378
"
8516,100,"227
"
2629,100,"40
"
8005,100,"216
"
326,100,"82
"
2118,371,"163
"
5702,100,"115
"
1607,100,"373
"
6983,100,"445
"
8775,100,"34
"
2888,100,"316
"
585,100,"454
"
4169,100,"335
"
5961,100,"125
"
3658,100,"82
"
5450,100,"68
"
4939,100,"330
"
6731,100,"80
"
8523,100,"157
"
844,100,"358
"
2636,100,"63
"
4428,515,"21:324:49
"
9804,100,"31
"
333,100,"184
"
2125,100,"337:254
"
5709,100,"73
"
9293,593,"272
"
1614,100,"445
"
2895,100,"339
"
4687,100,"108
"
8271,182,"17
"
592,100,"152
"
9552,100,"441
"
81,100,"313
"
1873,100,"461
"
5457,853,"482
"
7249,100,"6
"
9041,100,"358
"
1362,100,"162
"
3154,318,"114
"
4946,100,"143
"
8530,296,"495
"
851,100,"360
"
4435,100,"372
"
9811,100,"360
"
340,100,"322
"
2132,100,"132
"
3924,100,"111
"
7508,671,"272
"
9300,100,"378
"
1621,100,"21
"
5205,100,"327
"
6997,100,"41
"
8789,100,"100
"
6486,100,"6
"
8278,100,"99
"
599,156,"253
"
2391,10707,"155:209:44:129:480:339
"
4183,100,"213
"
5975,194,"167
"
9559,100,"358
"
88,127,"169:49
"
1880,4902,"84:360:287:308
"
5464,100,"20
"
7256,344,"245
"
9048,100,"172
"
1369,100,"360
"
6745,100,"468
"
8537,5380,"410
"
858,100,"114
"
2650,100,"446
"
4442,100,"378
"
8026,1237,"76
"
2139,100,"307
"
3931,100,"30
"
5723,100,"93
"
7515,100,"88
"
9307,100,"360
"
3420,100,"349
"
5212,100,"6
"
7004,100,"352
"
8796,100,"152
"
1117,100,"6
"
8285,100,"360
"
606,339,"454
"
4190,100,"15
"
7774,100,"238
"
95,100,"366
"
1887,100,"322
"
3679,100,"358
"
5471,100,"368
"
7263,100,"106
"
9055,287,"372
"
3168,100,"25
"
4960,100,"230
"
6752,100,"135
"
2657,152,"245
"
4449,233,"182
"
8033,315,"214
"
9825,100,"78
"
354,100,"216
"
2146,100,"277
"
3938,100,"448
"
7522,100,"125
"
9314,100,"174
"
1635,100,"143
"
3427,689,"195
"
8803,100,"164
"
1124,100,"91
"
8292,100,"317
"
613,1024,"378
"
4197,100,"52
"
5989,100,"245
"
102,558,"423
"
5478,100,"193
"
7270,100,"83
"
9062,100,"216
"
1383,100,"60
"
3175,100,"358
"
4967,100,"325
"
4456,6459,"462:270:315:406:92
"
6248,100,"124
"
9832,100,"6
"
361,100,"468
"
2153,100,"366
"
5737,100,"6
"
9321,100,"347
"
1642,100,"93
"
7018,100,"211
"
1131,100,"358
"
4715,100,"410
"
8299,100,"62
"
620,100,"6
"
2412,100,"315
"
9580,100,"172
"
109,421,"17
"
5485,100,"280
"
9069,100,"404
"
1390,100,"40
"
8558,100,"78
"
879,100,"448
"
8047,100,"214
"
9839,100,"132
"
368,100,"308
"
2160,100,"78
"
5744,462,"18
"
7536,100,"330
"
9328,100,"214
"
1649,100,"34
"
3441,100,"110
"
5233,100,"360
"
7025,100,"22
"
8817,7815,"163:481:253:16:31:64:322:82:109:124:140:410:164:446:482:8:11:17:20:368:380:129:153:159:438:183:495:69:333:360
"
2930,100,"23
"
6514,100,"355
"
627,100,"49
"
2419,1162,"348:190
"
9587,100,"15
"
116,1026,"360:272:490
"
1908,100,"189
"
3700,100,"474
"
5492,100,"208
"
1397,100,"91
"
4981,100,"211
"
8565,100,"178
"
4470,568,"25
"
6262,100,"242
"
9846,100,"450
"
375,100,"321
"
2167,100,"55
"
3959,100,"76
"
7543,100,"230
"
9335,100,"60
"
3448,490,"52
"
7032,100,"45
"
8824,100,"49
"
1145,100,"6
"
2937,100,"341
"
6521,100,"188
"
634,100,"262
"
7802,100,"323
"
9594,100,"345
"
123,100,"188
"
1915,100,"234
"
5499,100,"402
"
7291,100,"164
"
9083,100,"21
"
1404,100,"197
"
4988,100,"60
"
893,100,"327
"
6269,100,"30
"
8061,100,"162
"
9853,100,"364
"
382,100,"60
"
2174,252,"132
"
3966,100,"83
"
3455,100,"61
"
5247,100,"133
"
8831,100,"457
"
384,100,"72
"
3968,100,"94
"
5760,100,"230
"
1665,100,"348
"
5249,100,"355
"
1154,100,"409
"
6530,100,"178
"
8322,100,"372
"
2435,100,"445
"
4227,100,"33
"
9603,100,"44
"
132,100,"404
"
1924,100,"57
"
3716,100,"33
"
7300,241,"296
"
9092,1337,"129:339:437
"
3205,100,"107
"
4997,100,"339
"
2694,100,"272
"
4486,100,"246
"
9862,100,"50
"
391,100,"337
"
2183,100,"230
"
3975,100,"256
"
9351,100,"345
"
1672,100,"135
"
3464,428,"152
"
5256,100,"214
"
8840,100,"48
"
1161,100,"85
"
2953,137,"67
"
4745,100,"349
"
6537,100,"162
"
650,100,"178
"
2442,418,"265
"
4234,100,"441
"
6026,100,"216
"
7818,100,"79
"
9610,1479,"383
"
139,100,"216
"
1931,100,"135
"
3723,100,"8
"
5515,209,"441
"
5004,100,"256
"
6796,295,"138
"
2701,509,"330
"
4493,100,"86
"
6285,100,"164
"
8077,100,"120
"
398,100,"33
"
2190,100,"174
"
3982,100,"277
"
7566,100,"72
"
9358,100,"189
"
1679,100,"303:148
"
3471,100,"330
"
7055,100,"272
"
8847,100,"162
"
1168,100,"85
"
2960,100,"125
"
8336,100,"81
"
2449,100,"132
"
4241,100,"405
"
6033,100,"114
"
146,100,"162
"
7314,100,"338
"
1427,100,"167
"
6803,1703,"47
"
8084,939,"195
"
9876,100,"254
"
405,100,"340
"
3989,538,"157
"
5781,100,"457
"
9365,100,"56
"
5270,100,"88
"
7062,100,"6
"
8854,100,"398
"
2967,100,"75
"
4759,100,"197
"
6551,100,"417
"
8343,100,"288
"
664,100,"20
"
2456,663,"182:341
"
4248,100,"349
"
9624,100,"216
"
153,100,"190
"
3737,100,"40
"
7321,100,"115
"
8602,100,"382
"
2715,453,"254
"
4507,100,"445
"
6299,100,"51
"
8091,495,"254:348
"
9883,833,"423
"
412,100,"235
"
9372,100,"270
"
1693,100,"364
"
3485,100,"454
"
7069,1065,"33
"
8861,100,"340
"
1182,100,"174
"
2974,100,"33
"
8350,100,"49
"
2463,100,"481
"
4255,100,"316
"
9631,100,"402
"
160,494,"364:162
"
3744,100,"355
"
5536,100,"29
"
7328,581,"395:464:8:38:101:368:177:90:96:394:160
"
1441,100,"355
"
930,100,"75
"
6306,100,"40
"
9890,100,"246
"
419,100,"201
"
7587,100,"468
"
9379,100,"335
"
5284,100,"457
"
2981,100,"349
"
4773,100,"470
"
678,100,"296
"
6054,497,"146:197
"
9638,100,"272
"
167,100,"461
"
3751,100,"490
"
5543,100,"358
"
9127,100,"490
"
3240,100,"349
"
5032,100,"317
"
6824,100,"172
"
937,100,"33
"
2729,100,"132
"
4521,100,"341
"
8105,100,"307
"
426,100,"355
"
2218,100,"461
"
4010,100,"82
"
5802,322,"178
"
7594,100,"249
"
3499,100,"446
"
7083,100,"448
"
8875,100,"345
"
1196,482,"98
"
2988,100,"245
"
8364,100,"78
"
2477,100,"216
"
4269,696,"446:499:349:303:318
"
7853,100,"358
"
9645,100,"349
"
174,2220,"402:52
"
1966,100,"8
"
3758,100,"213
"
7342,100,"207
"
5039,100,"356
"
6831,100,"192
"
8623,100,"80
"
944,100,"217
"
6320,100,"131
"
8112,100,"226
"
433,627,"410
"
2225,100,"21
"
4017,100,"44
"
5809,100,"124
"
1714,100,"165
"
3506,341,"371
"
7090,100,"265
"
2995,100,"372
"
4787,100,"18
"
692,100,"340
"
2484,100,"63
"
6068,100,"334
"
181,100,"340
"
1973,100,"378
"
3765,100,"383
"
5557,100,"453
"
7349,100,"494
"
9141,100,"88
"
6838,100,"390
"
8630,100,"110
"
951,100,"474
"
4535,100,"49
"
6327,100,"112
"
440,550,"189
"
2232,100,"6
"
5816,100,"345
"
9400,100,"88
"
7097,100,"32
"
8889,100,"463
"
8378,1217,"254
"
2491,100,"114
"
9659,100,"300
"
188,100,"85
"
3772,100,"11
"
9148,1819,"192
"
3261,5943,"129:138:480:303:48:339:84:155:437:440:188:455:209:44:362
"
5053,100,"141
"
8637,100,"330
"
958,100,"481
"
4542,100,"6
"
6334,100,"360
"
9918,100,"243
"
447,360,"490
"
4031,100,"6
"
5823,100,"151
"
7615,100,"497
"
9407,100,"109:482
"
1728,100,"121
"
3520,100,"56
"
7104,100,"228
"
1217,100,"468
"
706,100,"368
"
2498,100,"267
"
4290,100,"216
"
7874,100,"337
"
9666,100,"214
"
195,224,"132:249
"
5571,100,"404
"
7363,100,"455
"
3268,100,"102
"
5060,100,"213
"
965,100,"230
"
2757,188,"404
"
9925,100,"47
"
454,100,"396
"
2246,100,"470
"
4038,986,"88
"
5830,683,"337
"
7622,100,"429
"
9414,100,"360
"
1735,100,"124
"
3527,510,"25:254
"
5319,100,"52
"
8903,100,"177:84:378:410:188:446:95:448:40:349
"
6600,416,"340
"
8392,100,"162
"
2505,100,"118
"
4297,181,"491
"
9673,100,"61
"
202,100,"6
"
5578,100,"214
"
7370,100,"223
"
9162,100,"461
"
3275,100,"445
"
6859,100,"348
"
8651,100,"197
"
972,100,"315
"
6348,100,"88
"
9932,100,"178
"
461,100,"88
"
2253,100,"214
"
4045,100,"453
"
5837,100,"17
"
9421,100,"453
"
5326,100,"115
"
7118,1576,"337
"
8910,100,"30
"
1231,100,"322
"
8399,100,"188
"
720,100,"253
"
4304,100,"158
"
209,100,"6
"
2001,100,"272
"
5585,100,"343
"
7377,100,"82
"
9169,100,"461
"
3282,100,"355
"
5074,100,"178
"
6866,100,"6
"
2771,100,"348
"
4563,100,"448
"
8147,100,"315
"
468,100,"188:129
"
7636,100,"107
"
1749,100,"100
"
7125,100,"55
"
8917,100,"174
"
1238,100,"213
"
4822,100,"172
"
2519,100,"186
"
6103,100,"327
"
7895,100,"31
"
9687,100,"265
"
216,1805,"407:260:88:327
"
2008,100,"197
"
5592,414,"60
"
7384,100,"495
"
9176,100,"104
"
3289,630,"453
"
5081,100,"372
"
4570,100,"340
"
475,100,"32
"
4059,100,"40:404
"
5851,100,"228
"
7643,100,"343
"
9435,100,"25
"
1756,100,"333
"
5340,100,"453:347
"
7132,100,"360
"
8924,100,"263
"
4829,100,"6
"
8413,100,"44
"
734,100,"73
"
4318,100,"445
"
6110,100,"33
"
7902,100,"410
"
223,545,"197:91
"
2015,100,"405
"
5599,100,"157
"
7391,100,"184
"
1504,100,"330
"
3296,100,"151
"
5088,100,"346
"
6880,1029,"153:438:360:369:272
"
993,100,"162
"
4577,771,"441
"
8161,100,"343
"
9953,100,"197
"
482,100,"32
"
9442,414,"480
"
1763,100,"60
"
5347,100,"454
"
7139,100,"462
"
8931,100,"441
"
1252,100,"442
"
6628,100,"130
"
741,100,"172
"
6117,100,"474
"
9701,100,"197
"
230,5345,"308
"
2022,100,"197
"
5606,100,"115
"
7398,100,"17
"
9190,100,"334
"
5095,1723,"63:112
"
2792,100,"132
"
4584,100,"57
"
9960,466,"17
"
489,100,"211:298
"
4073,400,"360
"
9449,100,"378
"
1770,100,"348
"
3051,100,"315
"
4843,100,"88
"
6635,100,"448
"
8427,1260,"396:174
"
4332,100,"405
"
7916,1720,"138
"
237,100,"6
"
3821,100,"213
"
5613,100,"324
"
7405,100,"55
"
9197,100,"429
"
1518,100,"11
"
5102,100,"178
"
8686,100,"123
"
9967,100,"327
"
496,100,"223:471:234:66
"
4080,100,"80
"
9456,100,"213
"
1777,100,"325
"
8945,100,"60
"
3058,100,"114
"
755,100,"81
"
2547,100,"393
"
7923,100,"322
"
244,100,"82
"
2036,100,"327
"
3828,100,"468
"
5620,100,"329
"
1525,241,"360
"
3317,100,"88
"
8693,100,"272
"
1014,100,"132
"
4598,100,"125
"
6390,100,"138:339
"
8182,426,"448
"
9974,100,"11
"
503,100,"268
"
5879,100,"348
"
7671,100,"352
"
9463,100,"210
"
7160,284,"249
"
8952,100,"226
"
762,100,"216
"
2554,100,"307
"
9722,100,"98
"
251,100,"213
"
2043,100,"4
"
3835,100,"382
"
5627,100,"495
"
6908,264,"6:57
"
8700,100,"490
"
1021,100,"40
"
4605,100,"106
"
6397,100,"437
"
8189,100,"333
"
510,100,"49
"
2302,100,"14
"
1791,100,"105
"
3583,100,"337
"
7167,100,"136
"
8959,100,"159
"
4864,100,"372
"
6656,276,"77
"
8448,100,"98
"
2561,100,"17
"
4353,100,"88
"
6145,100,"243
"
258,100,"253
"
3842,100,"114
"
5634,121,"349
"
7426,244,"129
"
1539,100,"188
"
3331,100,"15
"
5123,100,"172
"
8707,1459,"162:163
"
1028,100,"283
"
2820,100,"410
"
6404,100,"33
"
517,831,"37
"
2309,915,"482
"
4101,100,"272
"
7685,100,"467
"
9477,100,"355
"
6,100,"175
"
1798,100,"6
"
8966,100,"402
"
1287,100,"434
"
4871,100,"11
"
8455,700,"461
"
2568,100,"355
"
4360,100,"87
"
6152,191,"404
"
9736,100,"457
"
265,100,"6
"
3849,100,"195
"
9225,100,"340
"
1546,100,"410
"
3338,100,"430
"
5130,100,"341
"
6922,100,"216
"
8714,100,"33
"
1035,100,"227
"
8203,100,"155
"
9995,100,"455
"
524,100,"25
"
4108,100,"358
"
5900,100,"34
"
13,423,"202
"
1805,100,"88
"
3597,100,"442
"
5389,100,"461
"
7181,100,"26
"
4878,2348,"348
"
783,100,"84
"
7951,100,"152
"
9743,100,"88
"
272,100,"216
"
2064,100,"322
"
3856,100,"88
"
5648,100,"52
"
7440,100,"404
"
3345,100,"190
"
5137,100,"75
"
8721,100,"272
"
2834,100,"60
"
4626,100,"178
"
8210,100,"159
"
531,640,"262
"
2323,500,"125
"
5907,100,"80
"
7699,100,"91
"
9491,100,"167
"
20,100,"52
"
1812,100,"6
"
3604,100,"396
"
5396,100,"96
"
7188,100,"157
"
8980,100,"495
"
1301,100,"30
"
3093,100,"215:230
"
4885,100,"251
"
6677,100,"325
"
8469,100,"167
"
790,100,"197
"
4374,110,"122
"
6166,100,"218
"
9750,288,"322
"
279,100,"114
"
3863,100,"88
"
5655,659,"84
"
9239,100,"358
"
1049,100,"6
"
4633,100,"121
"
8217,100,"17
"
538,691,"461
"
2330,100,"172
"
4122,1161,"268
"
5914,100,"216
"
27,100,"6
"
1819,100,"410
"
5403,221,"402
"
8987,100,"8
"
1308,100,"197
"
3100,100,"23
"
797,100,"88
"
2589,1929,"423:239
"
7965,100,"146:91
"
286,100,"57
"
7454,100,"441
"
1567,100,"115
"
5151,100,"217
"
8735,100,"272
"
2848,100,"91
"
6432,100,"151
"
8224,100,"60
"
545,100,"296
"
4129,100,"343
"
5921,100,"88
"
9505,100,"91
"
34,2050,"82
"
1826,100,"80
"
3618,100,"190
"
5410,100,"164
"
7202,100,"27
"
8994,100,"199
"
1315,1291,"348
"
3107,100,"172
"
4899,113,"348
"
6691,798,"254
"
804,100,"200
"
2596,100,"6
"
4388,621,"11:32:468
"
6180,100,"410
"
293,100,"364
"
2085,100,"372
"
3877,100,"275
"
1574,100,"345
"
3366,100,"182
"
5158,100,"163
"
6950,100,"272
"
8742,100,"50
"
1063,100,"348
"
4647,100,"404
"
6439,100,"368
"
8231,100,"6
"
552,1239,"101:55:168:90
"
5928,100,"318
"
9512,100,"17
"
41,100,"82
"
7209,100,"154
"
1322,100,"213
"
3114,100,"63:461
"
4906,100,"263
"
8490,100,"482
"
6187,100,"52
"
7979,100,"6
"
300,100,"301
"
1581,100,"152
"
3373,100,"183
"
6957,100,"38
"
8749,100,"416
"
1070,100,"40
"
4654,100,"168
"
559,100,"333
"
4143,100,"6
"
5935,100,"340
"
7727,100,"87
"
9519,100,"197
"
48,100,"272
"
1329,100,"25
"
3121,100,"480
"
4913,100,"33
"
8497,100,"348
"
818,100,"364
"
4402,100,"76
"
307,100,"178
"
2099,100,"280
"
7475,100,"369
"
9267,100,"182
"
1588,100,"23
"
8756,100,"340
"
566,100,"474
"
5942,100,"104
"
9526,100,"455
"
55,142,"407:183:69
"
1847,100,"249
"
7223,100,"349
"
3128,457,"368
"
4920,100,"178
"
2617,100,"115
"
9785,100,"59
"
314,100,"192:17
"
9274,925,"211
"
3387,100,"245
"
5179,317,"114
"
6971,100,"358
"
2876,100,"345
"
4668,100,"57
"
8252,100,"245
"
573,2330,"84:188
"
4157,100,"151
"
62,100,"15
"
3646,100,"132
"
5438,100,"6
"
7230,100,"151
"
9022,100,"230
"
3135,438,"114
"
6719,100,"230
"
8511,100,"278
"
832,100,"360
"
2624,100,"445
"
4416,216,"287
"
8000,100,"318
"
9792,100,"438
"
321,100,"82
"
3905,100,"482
"
5697,100,"362
"
9281,100,"490
"
1602,100,"349
"
3394,100,"323
"
2883,100,"60
"
4675,100,"217
"
8259,100,"256
"
580,100,"378
"
4164,100,"294
"
5956,100,"273
"
7748,100,"25
"
69,100,"352
"
5445,100,"86
"
9029,100,"72
"
3142,100,"459
"
4934,100,"6
"
839,100,"366
"
2631,100,"33
"
2120,100,"56
"
3912,100,"408
"
7496,100,"114
"
1609,100,"66
"
3401,100,"74
"
5193,100,"84
"
6985,100,"272
"
8777,100,"459
"
2890,100,"265
"
8266,100,"483
"
587,442,"378
"
2379,623,"17
"
5963,398,"40
"
7755,12223,"163:442:470:17:308:183:192:72
"
76,100,"115
"
1868,100,"29
"
3660,100,"254
"
7244,100,"126
"
1357,100,"348
"
3149,702,"253:366
"
6733,100,"459
"
8525,100,"73
"
846,100,"91
"
2638,100,"28
"
6222,1801,"197:190:346:91:6:348
"
335,100,"83
"
3919,100,"476
"
1616,100,"123
"
3408,100,"474
"
5200,100,"88
"
8784,100,"381
"
1105,100,"245
"
2897,100,"154
"
4689,100,"61
"
6481,100,"378
"
8273,100,"99
"
594,17330,"135:484:352
"
4178,100,"480
"
7762,100,"53
"
83,450,"56
"
1875,100,"301
"
5459,100,"424
"
9043,100,"268
"
1364,100,"6
"
3156,100,"56
"
4948,122,"230
"
6740,100,"75
"
853,260,"349
"
8021,100,"159
"
2134,610,"91
"
3926,100,"272
"
5718,100,"6
"
5207,100,"322
"
6999,100,"244
"
2904,100,"272
"
6488,100,"88
"
8280,100,"59
"
601,100,"461
"
2393,100,"59
"
4185,100,"214
"
5977,100,"307
"
7769,759,"348
"
90,100,"34
"
5466,100,"216
"
7258,100,"172
"
1371,100,"8
"
3163,100,"161
"
6747,100,"14
"
8539,285,"213
"
2652,100,"165
"
4444,100,"410
"
8028,100,"185
"
9820,100,"366
"
349,316,"159
"
2141,100,"327
"
3933,100,"50
"
5725,100,"400
"
7517,100,"272
"
9309,100,"287
"
1630,100,"410
"
1119,100,"124
"
2911,100,"448
"
4703,100,"34
"
608,638,"88
"
2400,100,"106
"
4192,100,"63
"
9568,100,"32
"
97,3280,"441
"
3681,100,"91
"
5473,100,"88
"
7265,100,"218
"
6754,100,"82
"
2659,100,"277
"
6243,100,"6
"
9827,100,"204
"
356,100,"404
"
2148,100,"228
"
5732,100,"457
"
9316,100,"461
"
1637,100,"354
"
3429,100,"170
"
1126,100,"14
"
4710,100,"84
"
615,100,"404:40:52:115
"
4199,100,"125
"
5991,100,"197
"
7783,100,"32
"
104,100,"88
"
3688,100,"322
"
5480,100,"121
"
7272,100,"172
"
3177,100,"216
"
874,100,"326
"
2666,100,"88
"
4458,100,"115
"
9834,100,"461
"
363,826,"262
"
3947,100,"17
"
5739,100,"470
"
7531,100,"490
"
9323,100,"355
"
3436,100,"340
"
7020,100,"6
"
1133,100,"430
"
8301,100,"172
"
622,220,"253
"
5998,100,"299
"
7790,100,"378
"
9582,100,"404
"
111,345,"216
"
1903,100,"198
"
3695,100,"338
"
5487,100,"272
"
7279,100,"474
"
9071,100,"57
"
3184,100,"360
"
6768,100,"50
"
2673,10569,"159:437:254:322
"
370,100,"158
"
2162,142,"348
"
9330,100,"229:40
"
1651,100,"368
"
3443,100,"243
"
5235,100,"245
"
8819,100,"230
"
6516,100,"445
"
8308,100,"416
"
629,239,"481
"
2421,100,"498
"
6005,100,"73
"
7797,100,"95
"
118,7962,"146:152:155:437:182:440:446:461:464:209:215:11:14:38:44:62:326:107:368:119:125:383:129:132:162:426:468:213:474:480:51:60:63:339:351:96:366:372:123:148:172:175:448:211:490:496:265:13:301:67:337:340:346:91:358:364:112
"
1910,356,"340
"
3702,100,"474
"
1399,100,"426
"
3191,100,"124
"
4983,748,"378
"
888,894,"322
"
4472,100,"388
"
6264,100,"323
"
8056,100,"40
"
377,100,"201
"
2169,100,"340
"
3961,100,"129
"
7545,100,"216
"
1658,100,"121
"
5242,100,"277
"
7034,100,"34
"
8826,100,"83
"
1147,100,"162
"
2939,1413,"262
"
4731,262,"75
"
6523,100,"63
"
8315,100,"245
"
636,268,"340
"
6012,100,"61
"
9596,100,"454
"
125,100,"424
"
1917,100,"349
"
3709,100,"429
"
5501,100,"360
"
9085,100,"100
"
1406,100,"442
"
3198,100,"349
"
4990,100,"293
"
895,100,"86
"
4479,100,"253
"
6271,100,"34
"
2688,100,"76
"
4480,100,"405:263
"
385,370,"402
"
3969,100,"85
"
1666,305,"40
"
7042,100,"212
"
8834,100,"84
"
4739,100,"159
"
6531,100,"159
"
644,100,"466
"
4228,100,"315
"
7812,840,"112
"
9604,12190,"346:91:348
"
133,100,"30
"
1925,100,"63
"
3717,100,"75
"
9093,284,"98
"
1414,100,"356
"
4998,100,"275
"
8582,100,"337
"
2695,100,"73
"
392,100,"441
"
2184,100,"6
"
3976,100,"358
"
5768,100,"195
"
7560,100,"78
"
9352,100,"115
"
1673,100,"33
"
5257,100,"91
"
8841,100,"272
"
6538,100,"358
"
2443,100,"378
"
4235,100,"52
"
6027,100,"245
"
140,100,"115
"
5516,100,"387
"
7308,100,"88
"
9100,100,"162
"
1421,100,"455
"
6797,100,"214
"
8589,100,"326
"
910,100,"34
"
6286,100,"446
"
399,100,"490
"
2191,100,"172
"
3983,157,"125:60
"
5775,320,"448
"
9359,100,"362
"
5264,100,"162
"
8848,100,"245
"
1169,100,"228
"
2961,145,"40
"
8337,100,"265
"
658,100,"398
"
4242,755,"330
"
6034,100,"378
"
7826,100,"287
"
147,100,"188
"
7315,150,"125
"
1428,100,"178
"
3220,100,"318
"
5012,100,"65
"
6804,100,"366
"
4501,811,"33
"
6293,100,"60
"
8085,100,"44
"
9877,100,"6
"
406,100,"476
"
2198,100,"213
"
3990,715,"245
"
7574,100,"91
"
1687,100,"284
"
5271,100,"343
"
7063,100,"30
"
8855,493,"6
"
2968,100,"124
"
4760,100,"114
"
6552,100,"275
"
8344,100,"368
"
665,100,"402
"
4249,100,"48
"
6041,100,"216
"
7833,100,"339
"
9625,100,"340
"
154,100,"460
"
1946,100,"330
"
5530,6959,"141:441:195:216:486:33:51:114:378:151:217:262:268:277:280:40:76:131:158:416:176:239:29:89
"
9114,100,"245
"
3227,100,"6
"
8603,100,"63
"
924,100,"461
"
2716,100,"162
"
4508,100,"230
"
6300,100,"133
"
9884,2041,"82
"
413,2336,"138:249
"
2205,100,"60
"
3997,100,"132
"
5789,100,"303
"
9373,100,"34
"
1694,100,"272
"
3486,100,"155
"
1183,100,"82
"
2975,100,"489
"
6559,100,"85
"
672,100,"268
"
4256,100,"172
"
6048,100,"34
"
7840,100,"325
"
161,100,"112
"
1953,100,"445
"
5537,100,"63
"
7329,100,"167
"
1442,100,"133
"
3234,100,"178
"
5026,100,"272
"
8610,100,"167
"
931,100,"188
"
2723,100,"88
"
8099,592,"348:125:190:91
"
420,509,"95
"
5796,100,"356
"
7588,100,"254
"
8869,100,"2
"
2982,900,"188:362
"
6055,100,"445
"
168,100,"32
"
3752,100,"250
"
7336,100,"62
"
3241,100,"445
"
6825,100,"100
"
8617,100,"401
"
2730,100,"245
"
8106,100,"294
"
9898,524,"262
"
427,100,"340
"
2219,100,"458
"
5803,469,"138
"
7595,100,"270
"
9387,100,"407
"
1708,100,"360
"
3500,100,"9
"
5292,100,"349
"
8876,100,"207
"
1197,100,"400
"
2989,100,"253
"
4781,100,"378
"
8365,100,"319
"
6062,100,"228
"
9646,100,"211
"
175,100,"474
"
3759,100,"480
"
5551,100,"159
"
7343,100,"214
"
1456,100,"34
"
3248,100,"100
"
5040,100,"188
"
6832,100,"415
"
8624,100,"378
"
2737,100,"290
"
4529,100,"114
"
6321,100,"115
"
9905,1937,"454
"
434,100,"495
"
5810,188,"360
"
7602,100,"360
"
9394,100,"30
"
5299,100,"6
"
8883,100,"214
"
1204,100,"132
"
2996,100,"484
"
4788,915,"163
"
6580,100,"332
"
8372,100,"378
"
2485,100,"372
"
4277,100,"6
"
6069,100,"114
"
7861,158,"284:100
"
9653,100,"38
"
182,567,"272
"
1974,100,"383
"
7350,100,"82
"
9142,100,"7
"
1463,100,"26
"
3255,176,"84
"
952,100,"55
"
4536,100,"322
"
441,100,"40
"
2233,100,"178
"
4025,100,"91
"
5817,100,"6
"
7609,100,"270
"
1722,100,"408
"
8890,100,"164
"
3003,100,"356
"
6587,100,"345
"
700,100,"368
"
2492,100,"82
"
4284,100,"159
"
6076,100,"26
"
7868,100,"360
"
9660,100,"8
"
189,100,"339
"
7357,100,"112
"
959,100,"65
"
2751,375,"249
"
4543,100,"278
"
6335,583,"461
"
9919,100,"147
"
448,100,"132
"
5824,100,"29
"
1729,100,"23
"
5313,100,"112
"
7105,100,"339
"
6594,100,"75
"
2499,100,"172
"
4291,100,"218
"
9667,100,"75
"
196,143,"7
"
1988,100,"132
"
3780,100,"1
"
5572,100,"143
"
3269,100,"34
"
8645,100,"143
"
966,100,"360
"
2758,100,"474
"
4550,100,"57
"
6342,100,"349
"
9926,100,"114
"
455,100,"213
"
4039,100,"82
"
5831,1126,"254
"
7623,100,"364
"
1736,100,"178
"
3528,100,"162
"
8904,100,"178
"
1225,100,"1
"
3017,378,"341
"
6601,100,"114
"
714,100,"338
"
4298,100,"82
"
6090,100,"91
"
203,252,"378
"
1995,100,"380
"
5579,100,"132
"
7371,100,"235
"
9163,100,"360
"
6860,1656,"429:192
"
2765,100,"274
"
6349,100,"60
"
9933,100,"66
"
462,100,"49
"
2254,100,"245
"
7630,100,"274
"
9422,100,"178
"
3535,100,"326
"
5327,100,"272
"
8911,1398,"52
"
3024,100,"35
"
4816,100,"17
"
4305,100,"480
"
9681,100,"327
"
210,524,"410:102
"
3794,100,"334
"
5586,100,"159
"
7378,100,"168
"
9170,100,"230
"
1491,100,"454
"
8659,100,"332
"
980,5380,"182
"
4564,100,"52
"
469,100,"65
"
2261,100,"135
"
4053,100,"45
"
5845,100,"82
"
9429,100,"31
"
5334,100,"114
"
7126,100,"277
"
8918,100,"69
"
3031,100,"340
"
8407,171,"52
"
728,100,"60
"
4312,663,"454
"
6104,100,"109
"
9688,100,"277
"
217,158,"345
"
2009,100,"360
"
3801,100,"6
"
7385,100,"360
"
9177,100,"263
"
1498,100,"17
"
3290,100,"481
"
5082,100,"115
"
987,100,"162
"
2779,100,"159
"
8155,650,"470
"
9947,100,"60
"
476,383,"192
"
2268,100,"315
"
5852,100,"6
"
7644,100,"40
"
1757,100,"44
"
5341,100,"245
"
7133,100,"214
"
8925,100,"437
"
4830,100,"95
"
6622,100,"402
"
735,356,"188:362
"
6111,100,"335:288
"
9695,100,"401
"
224,100,"6
"
2016,100,"91
"
3808,100,"52
"
7392,100,"481
"
3297,100,"21
"
8673,100,"272
"
2786,100,"263
"
483,100,"421
"
2275,100,"105
"
5859,100,"368
"
7651,100,"63
"
9443,1550,"163
"
1764,100,"461
"
3556,100,"154
"
1253,100,"164
"
3045,100,"44
"
4837,100,"130
"
6629,100,"165:167
"
8421,100,"308
"
742,100,"52
"
7910,100,"420
"
9702,376,"78:348:190:91:146:197
"
231,100,"315
"
9191,100,"358
"
3304,772,"378
"
6888,100,"245
"
2793,100,"445
"
4585,100,"330
"
490,100,"410
"
2282,100,"355
"
4074,100,"76
"
5866,100,"68
"
7658,100,"224
"
9450,100,"25
"
1771,293,"60
"
5355,1340,"6
"
1260,100,"245
"
3052,100,"17
"
4844,100,"61
"
6636,100,"104
"
8428,100,"349
"
749,100,"142
"
2541,100,"322
"
2030,100,"49
"
3822,100,"162
"
5614,100,"85
"
9198,679,"163:17
"
1519,100,"185
"
2800,1674,"135:145
"
4592,618,"214
"
6384,100,"136
"
9968,2775,"81:123:8:368:67
"
497,100,"13
"
2289,100,"213
"
4081,100,"8
"
5873,100,"43
"
9457,100,"32
"
1778,100,"57
"
3570,100,"6
"
5362,100,"404
"
8946,2260,"360
"
1267,685,"335
"
3059,100,"171
"
4851,100,"69
"
8435,100,"372:214
"
245,818,"6
"
3829,100,"33
"
7413,100,"6
"
9205,100,"337
"
3318,100,"320
"
8694,100,"461
"
1015,100,"322
"
8183,100,"396
"
9975,100,"345
"
504,100,"91
"
5880,100,"357:179
"
9464,100,"52
"
8953,100,"257
"
1274,132,"34
"
3066,2057,"190:346:91:197:332:78:348
"
4858,100,"98
"
763,100,"296
"
4347,100,"434
"
9723,100,"137
"
2044,100,"245
"
5628,100,"112
"
1533,100,"193
"
3325,100,"30
"
6909,100,"378
"
8701,100,"172
"
2814,387,"57
"
8190,100,"167
"
511,1384,"355
"
4095,100,"262
"
7679,100,"82
"
3584,100,"34
"
8960,100,"461
"
1281,100,"494
"
8449,100,"34
"
770,100,"254
"
2562,100,"135
"
7938,100,"361
"
259,100,"349
"
3843,100,"67
"
5635,100,"133
"
7427,100,"214
"
1540,100,"172
"
5124,100,"23
"
6916,100,"29
"
1029,100,"474
"
2821,100,"378
"
4613,100,"135
"
6405,100,"355
"
9989,713,"124:369
"
518,100,"125
"
4102,100,"372
"
5894,100,"162
"
7686,100,"139
"
9478,100,"452
"
7,1333,"446
"
1799,100,"307
"
3591,100,"338
"
7175,100,"333
"
8967,100,"108
"
3080,100,"468
"
4872,100,"104
"
6664,252,"57
"
777,100,"267
"
4361,107,"88
"
6153,100,"207
"
7945,100,"327
"
9737,100,"34
"
266,100,"158
"
2058,100,"228
"
7434,100,"108
"
1547,100,"145
"
5131,100,"458
"
2828,100,"461
"
4620,100,"127
"
6412,100,"301
"
9996,2000,"339:155
"
525,610,"340
"
4109,100,"358
"
5901,100,"172
"
9485,10239,"174:6:134:149:446:308:362:52
"
14,100,"15
"
8974,100,"358
"
1295,100,"460
"
4879,100,"337
"
8463,100,"6:348
"
784,100,"461
"
2576,100,"479
"
4368,100,"272
"
6160,100,"402
"
9744,100,"355
"
273,100,"132
"
3857,100,"41
"
1554,100,"6
"
5138,100,"132
"
6930,100,"372
"
1043,100,"325
"
4627,100,"105
"
6419,100,"450
"
532,100,"382
"
4116,100,"349
"
5908,339,"88:192
"
3605,100,"378
"
5397,100,"7
"
7189,100,"162
"
8470,100,"146
"
791,100,"107
"
7959,100,"57
"
280,683,"114
"
2072,100,"58
"
7448,100,"485
"
1561,403,"75
"
3353,100,"173
"
6937,100,"214
"
8729,100,"57
"
1050,2894,"441
"
2842,100,"271
"
4634,100,"214
"
6426,100,"6
"
8218,100,"294
"
539,100,"239
"
5915,4226,"69:17:442
"
7707,100,"350
"
28,100,"69:407:17
"
3612,100,"490
"
4893,100,"108
"
6685,100,"167
"
2590,100,"92
"
4382,1168,"183:308:88
"
6174,100,"402
"
287,100,"441
"
7455,100,"378
"
9247,100,"132
"
3360,100,"20
"
2849,1656,"362
"
4641,399,"106
"
6433,100,"49
"
546,100,"372
"
2338,100,"115
"
9506,100,"228
"
35,100,"57
"
1827,100,"84
"
3619,100,"108
"
4900,100,"73
"
6692,100,"364
"
8484,100,"178
"
805,100,"277
"
4389,100,"401
"
6181,100,"184
"
294,100,"445:481:34
"
5670,191,"360
"
9254,100,"213
"
1575,100,"60
"
3367,100,"24
"
5159,100,"270
"
6951,100,"32
"
8743,100,"335
"
1064,100,"481
"
4648,2236,"378
"
6440,100,"325
"
8232,100,"410
"
553,100,"410
"
2345,100,"459
"
4137,100,"435
"
42,100,"75
"
1834,100,"410
"
3626,100,"323
"
5418,178,"186
"
7210,100,"197:6:91
"
9002,100,"49
"
6699,100,"99
"
8491,100,"53
"
812,100,"228
"
6188,100,"91
"
301,530,"88
"
2093,100,"410
"
7469,100,"79
"
9261,100,"81
"
5166,100,"107
"
6958,100,"445
"
8750,100,"115
"
1071,758,"106
"
4655,100,"164
"
8239,100,"280
"
560,100,"132
"
2352,100,"457
"
4144,100,"60
"
7728,100,"28
"
9520,100,"38
"
49,100,"312
"
1841,100,"262
"
7217,277,"40
"
3122,100,"330
"
6706,100,"404
"
8498,100,"82
"
819,100,"448
"
2611,100,"322
"
9779,100,"88
"
308,100,"360
"
2100,100,"481
"
3892,100,"358
"
5684,100,"437
"
7476,100,"480
"
9268,100,"178
"
1589,100,"135
"
6965,387,"76
"
1078,1066,"86
"
2870,100,"284
"
4662,650,"378
"
6454,184,"348
"
8246,833,"99
"
4151,100,"32
"
5943,100,"88
"
56,100,"91
"
1848,100,"190
"
5432,100,"401
"
3129,100,"434
"
4921,100,"358
"
8505,100,"335
"
826,100,"360
"
2618,100,"207
"
4410,100,"484
"
315,300,"6
"
2107,773,"40
"
3899,100,"490
"
5691,100,"421
"
9275,100,"277
"
3388,100,"421
"
6972,100,"105
"
2366,100,"465
"
4158,155,"48
"
5950,100,"327
"
63,100,"245
"
1855,991,"340
"
3647,100,"238
"
7231,100,"256
"
1344,100,"164
"
4928,100,"360
"
833,100,"259
"
2625,411,"482
"
4417,100,"1
"
6209,100,"216
"
8001,100,"324
"
9793,621,"172
"
322,649,"349
"
3906,100,"272
"
5698,100,"172
"
7490,100,"34
"
9282,100,"340
"
1603,100,"60
"
3395,100,"349
"
6979,100,"337
"
8771,100,"437
"
2884,100,"288
"
581,100,"214
"
4165,100,"214
"
5957,213,"410
"
70,576,"461
"
1862,5660,"164:482:272:287:153:360
"
3654,100,"362
"
5446,100,"250
"
7238,100,"355
"
9030,100,"217
"
6727,100,"164
"
8519,100,"119
"
2632,100,"164
"
6216,100,"470
"
8008,423,"216
"
9800,100,"465
"
5705,100,"104
"
9289,100,"108
"
5194,100,"461
"
6986,100,"423
"
1099,100,"340
"
2891,100,"272
"
8267,100,"446
"
588,120,"461
"
9548,391,"322
"
77,100,"368
"
1869,100,"390
"
3661,100,"6
"
9037,100,"155
"
1358,100,"265
"
3150,100,"482
"
4942,100,"397
"
6734,100,"360
"
8526,100,"57
"
6223,100,"146:197
"
8015,100,"104
"
9807,100,"441
"
5712,100,"445
"
1617,100,"108
"
3409,323,"272
"
8785,100,"356
"
1106,100,"402
"
4690,502,"341
"
8274,100,"368
"
595,100,"6
"
2387,100,"214
"
4179,100,"111
"
9555,100,"88
"
84,100,"402
"
1876,100,"343
"
5460,100,"132
"
7252,100,"17
"
9044,100,"337
"
3157,100,"14
"
6741,583,"44
"
8533,100,"83
"
854,289,"138:188
"
2646,100,"95
"
4438,100,"360
"
8022,100,"204
"
343,100,"30
"
3927,100,"368
"
5719,100,"300
"
7511,100,"152
"
1624,772,"287
"
3416,100,"445
"
5208,100,"6
"
8792,100,"283
"
2905,906,"272
"
4697,793,"267:114:245:62:184:52:316
"
8281,100,"26
"
602,100,"91
"
7770,100,"296
"
9562,100,"6
"
1883,100,"219
"
3675,100,"98
"
5467,100,"333
"
1372,100,"213
"
3164,100,"445
"
6748,100,"159
"
8540,100,"242
"
861,100,"24
"
2653,100,"263
"
4445,100,"52
"
6237,244,"245
"
8029,100,"172
"
350,100,"88
"
2142,831,"114
"
3934,100,"192
"
5726,100,"296
"
9310,100,"83
"
3423,100,"372
"
5215,100,"214
"
8799,100,"190
"
1120,100,"162
"
2912,100,"159
"
4704,100,"33
"
8288,1370,"60:348:190
"
609,819,"199:490:241:55:230:236:5:266:278:444:189:279
"
2401,100,"129
"
4193,100,"85
"
98,100,"162
"
1890,100,"480
"
3682,100,"129:446
"
3171,100,"326
"
6755,100,"172
"
2660,100,"88
"
6244,100,"49
"
8036,100,"397
"
357,100,"372
"
2149,100,"342
"
3941,100,"372
"
9317,100,"60:330:78:146:365:205
"
5222,100,"488
"
7014,100,"287
"
8806,207,"349
"
2919,1280,"461
"
616,100,"83
"
2408,100,"88
"
5992,100,"325
"
7784,100,"213
"
9576,979,"84
"
105,100,"6
"
1897,100,"25
"
7273,100,"40
"
3178,100,"93
"
4970,100,"77
"
6762,1603,"461
"
875,100,"445
"
4459,100,"172
"
6251,100,"272
"
8043,100,"245
"
364,277,"346
"
2156,5859,"348:146:461:254:56:130:91
"
3948,100,"75
"
5740,100,"455
"
3437,100,"372
"
5229,264,"378
"
7021,100,"362
"
8813,947,"84
"
1134,100,"121
"
2926,100,"216
"
4718,1361,"441
"
623,100,"15
"
2415,100,"420
"
4207,100,"82
"
5999,157,"88
"
7791,100,"178
"
112,100,"346
"
9072,100,"410
"
4977,100,"32
"
6769,100,"163
"
8561,448,"442
"
882,100,"474
"
6258,100,"448
"
371,1148,"308:163
"
2163,100,"239
"
5747,425,"143
"
7539,100,"346
"
1652,100,"263
"
5236,100,"410
"
8820,100,"367
"
2933,100,"6
"
4725,100,"481
"
6517,100,"152
"
630,257,"441
"
6006,100,"9
"
7798,100,"85
"
9590,100,"172
"
119,100,"30
"
1911,100,"32
"
3703,100,"49
"
5495,100,"88
"
7287,100,"73
"
9079,100,"146
"
1400,100,"49
"
6265,100,"290
"
378,100,"410
"
3962,100,"355
"
7546,100,"6
"
5243,100,"17
"
7035,100,"471
"
2940,100,"315
"
637,100,"349
"
2429,100,"121
"
4221,100,"442
"
6013,100,"28
"
7805,100,"6
"
126,100,"172
"
1918,100,"6
"
3710,100,"338
"
7294,100,"481
"
1407,100,"33
"
3199,100,"7
"
4991,100,"448
"
8575,100,"272
"
